AGS;Name;Bev_dichte;Bev_insg;Alter_Mutter_1Geburt;Wahlbet;Gewerbanmeld;Erreich_Flugh;Ankuenfte;Flaeche_Erholung;Ant_EFH_ZFH;Pkw_Dichte;bev_binw;bev_u18;bev_ue65;bev_ausl;erw_mini;erw_bip;alq;v_breitb;v_harzt;kbtr_pers;geburt_unehel;Bau_Wohng_10000_EW;Kuenstl_10000_EW;Unfaelle_10000_EW;ant_wald;hh_eink_euro;pflkrft_10000EW;kh_bettend;Pkw_elek_10000pkw;ant_hochreif
01001;Flensburg;1578;89504;28.2;70.9;881;98;188390;24.4;79.9;489.6;67.59;15.56;20.1;14.19;12.07;62.67;8;98;73.43;5.92;44.02;92.6;7.15;47.93;6.4;19296;100.32;9.8;32.32;42.96
01002;Kiel;2086;247548;29.8;74.1;2007;64;385648;28.7;76.7;445;-10.5;14.8;18.57;11.54;11.52;67.12;7.6;98;67.35;7.2;44.02;16.2;10.66;51.59;5.2;19263;74.57;10.1;31.68;45.64
01003;Lübeck;1014;217198;29.2;71.4;1672;9;754190;56.8;60.8;453.4;39.64;15.05;23.2;10.12;10.19;68.38;7.3;97;67.96;6.3;44.64;19.4;8.2;61.1;14.7;20363;120.01;9.1;31.1;39.73
01004;Neumünster;1109;79487;27.8;66.8;815;47;93659;48.2;78.2;527.8;-85.93;16.4;22.58;11.59;11.14;62.25;7.9;98;61.76;6.84;41.13;21.1;4.15;58.37;4.3;19233;126.55;8.7;16.74;44.58
01051;Dithmarschen;93;133210;28.4;72.8;1045;71;350821;58.6;91.3;605.7;28.08;15.88;24.74;5.7;14.47;72.26;5.5;82.7;65.94;7.49;43.03;28.4;3.53;51.5;3.6;22866;125.89;4.9;29.54;26.06
01053;Herzogtum Lauenburg;156;197264;29.4;77.4;1723;30;204571;59.8;90.7;587.8;61.54;17.4;22.36;7.81;12.45;63.54;4.7;94.6;60.18;6.79;40.02;35.8;3.75;44;25.9;23515;111.08;3.1;27.21;33.33
01054;Nord­friesland;79;165507;29.3;75.3;1725;122;1638001;97.5;86.2;614.9;25.62;15.78;24.18;7.03;12;64.11;4.8;73.7;73.13;8.33;44.45;70.5;9.43;61.69;4;25661;98.94;4;53.64;21.01
01055;Ostholstein;144;200581;30;75.9;1855;40;1787773;113.7;87;620.1;58.73;14.52;27.51;5.7;13.24;57.16;5;83.2;72.29;8.36;43.69;40.3;4.34;60.42;9.7;23068;134.11;8.4;21.26;24.58
01056;Pinneberg;473;314391;30.2;78.7;3263;30;279448;48.7;88.5;556.2;41.16;17.06;22.11;10.61;12.46;69.7;4.5;93.5;59.17;7.38;30.98;40.9;4.83;45.23;6.9;24705;86.04;2.8;27.02;39.51
01057;Plön;119;128647;30.2;80.2;927;58;291330;97.9;85.2;615.5;29.62;15.95;26.13;4.76;17.04;61.89;4;80.4;66.75;7.91;41.54;34.7;2.49;47.18;11;23005;87.78;2.2;26.19;21.76
01058;Rendsburg-Eckern­förde;125;272775;29.8;78.8;2239;69;475986;80.4;91.6;626.2;27.09;16.85;23.51;5.08;13.27;67.78;3.9;78.7;68.13;7.85;40.41;36.8;4.91;49.71;11.3;23684;105.6;3.5;26.82;36.21
01059;Schleswig-Flensburg;97;200025;29.5;77.2;1741;97;416854;63.6;92.4;628.6;60.89;16.94;23.85;5.21;14.24;63.04;4.3;66.8;67.67;8.53;40.16;54;4;48.44;7;22908;130.72;3.6;27.36;22.82
01060;Segeberg;205;276032;30.1;77.1;2629;32;297986;60.6;88.2;597.9;-12.9;17.01;21.76;8.67;12.1;69.67;4;93.9;59.85;8.11;37.28;44.4;5.11;49.67;17.1;23265;118.13;6.1;30.1;33.56
01061;Steinburg;124;131347;28.6;75.4;1125;47;59816;53;92.9;612.2;19.11;16.26;22.75;6.78;13.22;74.75;5.1;93.1;63.82;8.57;42.91;24.3;3.65;42.03;8.6;21625;124.76;4.6;20.75;32.41
01062;Stormarn;317;243196;30.8;80.9;2368;26;206258;56.4;90.3;617;41.32;17.3;23.13;7.34;11.45;70.64;3.1;95.7;62.28;7.93;29.87;33.5;5.63;52.14;13.7;25486;118.94;4.5;31.99;49.88
02000;Hamburg;2438;1841179;31;76;20454;15;7096482;35.1;67.3;431.6;-6.25;16.64;18.26;16.42;8.25;93.47;6.1;97;65.61;7.63;37.97;52.7;14.47;54.29;5.3;24404;77.44;6.9;42.22;52.75
03101;Braunschweig;1288;248292;30.4;76.9;1590;46;422747;57.9;69.2;582.9;10.79;14.62;21.01;10.2;10.01;72.97;4.9;97;66.53;7.42;33.6;22.7;11.72;49.86;11.2;22421;95.35;7.8;55.88;49.73
03102;Salzgitter;467;104948;28.4;71.7;751;53;52451;68.4;97.9;523.6;-23.25;17.87;22.77;17.98;7.84;98.48;8.8;96;62.17;6.96;31.76;6;1.91;47.26;15.8;19893;114.97;4.3;13.08;19.2
03103;Wolfsburg;607;124151;29.7;73.9;808;61;367432;76.7;81.8;1110.4;-18.61;16.49;22.21;15.01;5.51;163.59;4.5;96;57.3;6.71;29.79;18.2;34.88;42.13;22.7;24774;85.54;4.4;146.18;42.12
03151;Gifhorn;112;175920;29.8;77.3;1159;68;130514;79.1;92.9;600;43.2;17.97;20.05;6.54;13.45;66.3;4;77.6;53.12;8.41;27.77;42.5;2.39;41.27;33.4;23939;84.53;2.4;16.38;29.75
03153;Goslar;142;137014;28.6;74;919;76;811258;70.7;94.4;580.7;-48.9;13.57;27.31;9.52;12.5;65.67;5.9;94.4;69.79;8.19;42.42;3.9;3.8;43.35;55;21043;184.86;7.5;13.96;25.46
03154;Helmstedt;135;91307;29.1;74.5;556;65;97320;66.7;96.7;601.8;16.1;15.75;23.38;6.68;12.28;59.93;5.8;91.3;57.78;8.28;35.38;30.7;1.31;46.33;23.8;23293;134.54;9.2;25.15;38.11
03155;Northeim;105;132765;29.3;75.4;754;80;157702;89.2;97.8;652.7;18.53;15.07;25.36;6.27;11.79;63.5;5.1;75.8;78.17;7.98;37.11;13.4;2.79;45.27;37.5;22259;145.06;3.5;17.96;35.89
03157;Peine;250;133965;29.4;77.5;900;38;58422;65;92.9;616.5;62.7;17.61;21.38;7.63;14.29;62.45;4.4;83.3;57.73;7.98;30.78;35.7;3.36;41.06;8.8;21815;119.22;2.2;19.96;35.9
03158;Wolfenbüttel;166;119960;29.8;79.8;657;61;50681;72.4;90.7;615;-7.09;15.67;23.66;5.98;14.45;66.02;4.4;84.5;57.29;7.01;33.88;21;2.25;40.43;18.2;22381;104.12;2.5;21.83;29.31
03159;Göttingen;187;328074;29.8;76.9;1918;83;761436;68.2;89.7;554.2;-302.04;15.16;22.5;8.48;12.03;66;5.3;87.7;70.11;6.66;37.6;13;3.72;44.99;41.8;20901;127.82;10.4;21.05;43.68
03241;Region Hannover;504;1157624;30.1;77.3;9479;22;2215112;56.4;85.9;499.8;19.4;16.48;21.07;13.75;10.31;75.9;6.4;95.5;64.81;7.45;32.52;24.6;8.31;52.29;19.1;21613;100.92;6.1;26.23;39.57
03251;Diepholz;109;216886;29.3;76.7;1814;47;142714;62.5;88.9;636.8;46.06;16.76;22.35;8.22;14.68;67.05;3.9;77.5;53.7;7.98;35.05;32;5.86;52.1;9.5;23606;109.58;2.3;21.14;28.87
03252;Hameln-Pyrmont;186;148559;29.2;74.6;1067;51;306577;79.8;100;611.5;56.41;15.82;25.37;10.24;11.63;70.85;6.1;79.7;69.46;8.43;34.75;6.7;5.18;46.78;31.3;21962;167.97;7.6;21.52;30.4
03254;Hildesheim;229;276594;29.4;77.7;1886;49;276748;67.1;93.7;575;14.35;15.57;23.32;8.13;12.83;61.56;5.7;87.3;67.24;7.69;35.36;18.2;8.13;40.28;23.7;21282;130.31;6.3;20.88;36.72
03255;Holzminden;102;70975;28.2;74.6;444;76;107102;102.3;92.9;626;17.89;15.17;26.29;7.3;13.03;73.71;6.3;80.9;66.06;8.36;32.84;8.7;3.8;41;44.9;21459;153.63;2.9;14.05;21.62
03256;Nienburg (Weser);87;121386;28.2;73.3;816;52;125934;68.4;95.5;627;17.38;16.85;22.2;8.08;11.88;66.41;4.8;82.7;50.22;7.83;33.88;26;2.88;41.77;17.9;21366;140.03;2.9;31.07;29.62
03257;Schaumburg;234;157781;29.3;76.7;1076;35;243549;49.3;94.8;631;44.81;15.71;24.48;8.44;13.48;62.16;5.3;84.1;59.54;7.57;34.68;23.7;4.88;48.68;25.2;21860;172.28;3.4;21.76;39.62
03351;Celle;115;178936;28.8;75.3;1327;49;304550;89.2;90.7;603.2;42.7;17.24;23.36;7.8;11.97;64.34;5.7;88.3;67.69;7.94;36.4;29.1;6.59;44.82;44.9;20895;130.62;3.9;18.46;25.87
03352;Cuxhaven;96;198213;29.1;75.6;1337;58;649721;79.1;93.9;625;48.43;16.22;25.28;6.28;16.46;61.84;5.2;87.1;59.06;7.72;39.88;27.5;1.61;45.61;8.1;22081;132.91;3.3;16.12;24.12
03353;Harburg;202;252776;30.5;81.3;2595;43;309301;70.3;90.4;645.8;45.18;17.22;22.32;7.56;13.45;63.84;3.7;91.1;54.07;8.39;30.45;31.3;5.34;44.27;27.5;25670;85.13;3;26.03;37.67
03354;Lüchow-Dannenberg;39;48424;28.6;74.1;362;116;96382;88.3;93.5;626.3;82.19;15.3;27.79;5.49;12;59.67;7.3;57.1;72.38;8.96;46.84;14.5;1.45;46.05;36.9;21051;166.88;2.4;16.55;25.47
03355;Lüneburg;138;183372;29.9;79;1549;67;299961;78.1;90.8;562.3;46.35;17.23;20.06;6.74;12.25;60.33;5.3;77.2;63.96;7.77;38.86;30;6.65;46.46;32.5;20942;110.04;4.9;30.34;39.05
03356;Osterholz;174;113517;30.1;78.4;837;28;63334;60.2;94.2;627.9;59.99;16.73;23.4;5.49;15.19;58.56;3.3;86.7;60.12;7.67;30.33;31.7;4.05;41.23;10.9;22874;111.49;2.1;27.77;38.95
03357;Rotenburg (Wümme);79;163455;29.4;77;1239;47;212110;85;92.7;675.3;11.01;17.13;21.13;6.23;13.5;66.63;3.6;90;60.6;8.5;31.77;37;4.83;55.67;15.7;22709;107.91;6.2;18.31;28.12
03358;Heidekreis;74;139755;28.6;75.2;1092;44;928181;131.9;91.5;619.6;-333.8;16.78;22.42;8.32;12.77;63.6;5.3;79.2;57.51;8.47;37.63;22.9;2.93;62.32;40.8;21070;107.05;3.5;16.39;28.3
03359;Stade;160;203102;29.4;77.1;1550;68;212205;42.3;88.8;605;41.01;17.59;21.41;8.52;14.5;69.99;5;92.5;53.5;8.07;36.59;62.4;6.45;44.36;6.9;22944;111.4;4.6;23.62;29.12
03360;Uelzen;63;92572;28.7;76;690;88;161682;93.3;88.1;604.1;28.95;15.22;25.28;5.75;11.11;61.36;5;69.1;63.62;8.07;39.49;19.1;3.56;43.53;35.7;21284;146.21;8.7;18.54;29.68
03361;Verden;173;136792;29.8;77.7;1055;27;186049;64.4;90.2;624.7;10.82;17.57;22.29;7.48;12.61;66.77;4;76.4;63.69;8.16;29.58;28.4;8.92;59.21;12.6;23705;117.14;1.9;18.62;35.97
03401;Delmenhorst;1243;77607;28.1;70.3;659;15;32385;26.6;60.3;539.7;-33.63;17.47;21.94;15.47;19.25;52.84;9.4;98;61.92;8.25;35.43;26.4;3.99;47.03;2.4;19396;71.46;4.1;16.53;30.17
03402;Emden;447;50195;27.5;71.5;280;82;93992;51.4;91.7;485.3;-47.42;16.64;21.21;9.91;11.83;82.94;8.2;97;63.23;7.8;43.04;11;4.98;39.84;0.4;18923;101.37;8.3;14.63;31.58
03403;Oldenburg (Oldenburg), Stadt;1632;168210;30;77.9;1387;35;168768;35.4;71.2;522;17.48;15.43;18.97;9.8;11.41;65.55;6.1;98;65.84;7.33;36.62;66.6;11.59;62.66;3.4;19920;85.53;10.3;29.77;47.37
03404;Osnabrück, Stadt;1375;164748;29.9;75.9;1427;25;308896;33.1;64.8;508.1;-10.08;15.02;18.59;13.04;13.17;64.52;6.6;97;69.35;6.87;34.77;30.4;11.71;63.67;16;21043;93.51;12.9;35.57;43.96
03405;Wilhelmshaven;712;76278;27.4;70.5;603;70;135239;66.4;95.9;523;18.22;14.42;26.06;9.25;11.21;68.37;10.3;98;69.45;7.08;47.54;8.4;4.85;58.73;1;18498;122.78;7.8;10.4;32.09
03451;Ammerland;170;124071;29.9;77.6;1022;47;281670;80.7;89.2;633.4;45.3;17.25;23.12;5.97;12.79;62.41;3.6;85.4;71.33;9.16;31.5;60.6;7.42;60.61;9.5;22616;87.7;7;19.15;27.87
03452;Aurich;147;189848;28.8;75.2;1528;95;866388;75.7;87.1;605.7;18.96;16.56;22.8;5.55;15.24;59.65;6.3;78.6;61.6;8.08;39.3;29.2;3.74;52.25;3.1;20754;93.81;3.7;20.65;27.09
03453;Cloppenburg;119;169348;28.3;72.8;1434;59;167839;87;91.5;580.6;12.93;20.27;16.37;10.69;13;62.74;3.9;81.3;51.81;9.05;25.45;71.5;5.55;55.21;11.7;21160;116.18;2.9;13.51;20.02
03454;Emsland;113;325657;29.3;77.5;2279;69;700295;67;92.1;604.2;-3.84;18.08;18.95;10.93;14.08;72.01;2.4;83.4;56.85;7.81;25.49;50.5;5.22;50.45;16.9;22087;86.08;5.5;14.35;26.74
03455;Friesland;162;98460;29.4;76;723;64;423577;79.6;90.4;657.2;55.76;15.83;26.12;4.25;14.23;63.51;4.3;88.5;68.01;7.66;36.24;53.6;3.96;49.77;6.3;21026;118.36;5.2;18.87;22.48
03456;Grafschaft Bentheim;139;136511;29.1;77.2;1002;61;240450;74.3;91.9;605.1;29.16;18.08;20.55;14.51;16.9;60.2;2.5;84.9;54.47;7.78;26.19;35.9;14.21;55.16;14.5;20538;128.44;4.4;43.15;27.49
03457;Leer;156;169809;28.4;74.3;1316;75;359336;41.6;92;595.9;49.11;17.27;21.32;7.97;17.6;65.21;5.2;88.9;58.6;8.6;35.72;37.7;4.71;47.76;1.6;19675;102.58;4.2;16.77;22.87
03458;Oldenburg;122;130144;29.4;78.8;1055;29;176548;95;87.6;630.9;-1.77;17.25;21.27;8.31;14.1;60.37;3.1;84.2;60.8;8.58;31.23;45.3;8.68;47.79;17.9;23295;132.08;1.8;21.09;17.37
03459;Osnabrück;168;357343;29.2;77;2470;41;458319;49.8;91.3;633.7;-72.73;17.84;20.68;8.16;13.91;63.75;2.9;79;63.46;7.53;25.65;33.9;7.56;48.92;19.5;23227;120.88;4.6;18.16;23.59
03460;Vechta;174;141598;29.2;76.3;1137;44;147496;60.6;91.8;605.3;0.71;19.79;16.14;12.42;12.51;65.37;3.4;83.6;58.35;8.49;25.27;67.5;6.71;51.06;12.4;23167;99.05;6.2;16.22;28.42
03461;Wesermarsch;107;88624;28.4;72.5;619;46;202816;85;89.4;595.9;-5.53;16.14;23.47;7.82;12.62;80.81;5.8;87.5;58.41;8.72;37.11;25.6;1.81;47.84;1.3;21626;130.87;2.4;16.64;21.84
03462;Wittmund;87;56882;28.1;73.2;432;83;523251;55;88.5;623.6;71.2;16.34;24.49;4.5;14.86;58.08;5.4;81.6;65.22;9.45;36.18;39.2;3.16;51.16;5.4;21396;111.05;2.9;11.67;29.93
04011;Bremen;1791;569352;29.8;72.2;4923;6;1165519;56;83.2;425.9;-43.91;15.87;20.95;18.18;10.44;79.76;9.5;97;63.56;6.42;41.56;30;9.57;57.77;0.8;21928;106.18;7.1;26.67;36.96
04012;Bremerhaven;1119;113634;27.3;64.1;817;43;245393;61;81.6;440.3;2.38;17.36;21.75;17.96;10.54;60.32;12.2;98;59.28;6.8;42.55;24.4;4.4;66.09;2.2;18658;63.97;8.9;20.07;38.19
05111;Düsseldorf;2849;619294;31.7;76.5;6768;10;3068803;34.1;66.5;501.6;-21.67;16.02;19.32;20.21;8.59;91.57;6.6;98;64.48;5.96;28.06;32.7;13.81;50.19;11.6;25817;69.9;8.2;36.4;43.22
05112;Duisburg;2142;498590;28.2;68.7;4136;20;286066;39.7;84.4;460.5;-22.52;17.11;20.38;20.82;11.44;77.21;10.8;92;52.4;8.01;31.72;14.3;2.51;41.96;6.9;17049;95.72;9.3;11.94;36.35
05113;Essen;2772;583109;29.5;73.9;5165;22;814428;42.9;84.7;493.7;-73.31;16.11;21.58;15.96;12.53;74.4;10.2;93;55.88;7.19;33.33;15.9;9.76;35.79;12;20316;114.62;9.7;23.9;45.39
05114;Krefeld;1648;227020;29.1;71.5;1880;20;150590;56.7;91.2;521.4;16.52;16.47;21.91;16.31;11.19;74.07;10.1;95;71.9;6.95;37.02;10.4;6.34;40.66;7.9;21594;117.38;9.2;18.16;35.67
05116;Mönchen­gladbach;1534;261454;29;69.3;2478;26;193339;38.4;86.5;525.3;-178.62;16.59;20.85;15.96;14.09;65.13;9;97;64.08;6.85;35.93;8.9;6.16;46.32;9.2;20751;102.83;8.1;23.14;42.9
05117;Mülheim an der Ruhr;1872;170880;29.8;77.5;1265;22;103254;42.9;82.4;544.3;7.2;16.03;23.85;15.32;12.71;73.18;7.1;96;55.47;7.51;32.1;21.9;5.5;33.59;17.8;23139;99.14;5.4;28.58;47.39
05119;Oberhausen;2735;210829;28.7;72;1635;23;234032;41.5;88.5;522.9;-0.95;15.92;21.83;14.96;14.89;60.01;9.8;96;52.03;7.76;37.34;14.1;5.83;39.94;12.4;18578;87.83;6.9;12.07;42.65
05120;Remscheid;1489;110994;28.8;71.9;895;32;68415;38.5;91.3;552.7;39.55;16.82;22.17;17.95;12.48;65.38;7;97;64.2;6.33;31.46;22.7;6.94;32.97;30.1;22559;89.89;9.2;20.9;40.66
05122;Solingen;1780;159360;29.4;72.8;1370;32;53171;33.5;88.2;581;44.43;16.88;21.3;16.74;11.94;68.59;7.1;93;61.08;6.79;29.01;16.2;10.42;36.96;24.8;23354;118.57;6.6;27.49;41.61
05124;Wuppertal;2105;354382;28.7;73.2;3129;31;241456;34.6;81;484.5;-1.5;17.16;20.8;19.54;12.8;74.31;8.1;95;61.37;7.75;31.97;7.9;6.29;33.02;25.9;21183;107.75;5.9;30.76;40.2
05154;Kleve;252;310974;29.2;74.8;2468;21;438111;73.7;80.7;612.5;2.96;16.67;20.67;14.65;15.31;62.8;5.2;86.9;54.61;7.42;33.8;35.2;5.92;50.2;13.6;20870;109.1;5.4;17.33;31.31
05158;Mettmann;1193;485684;30.2;77.6;4518;18;546079;50.5;84.6;605.2;36.07;16.63;23.81;12.28;11.5;78.36;5.6;93.4;62.63;6.88;27.59;13.7;6.69;48.78;19;25478;97.79;4.6;27.17;40.37
05162;Rhein-Kreis Neuss;783;451007;30.5;77.2;4207;24;426468;48.7;86.7;601.5;25.45;17.23;21.93;11.76;11.67;89.66;5;95.1;60.97;7.05;25.79;23.1;5.34;44.03;7;25303;78.1;4.4;26.96;48.57
05166;Viersen;531;298935;29.8;76.2;2833;28;173549;42.7;84.1;623.8;41.18;16.2;22.11;10.03;14.55;65.15;5.3;91;60.25;6.95;31.62;24.6;5.45;39.64;17.1;23113;90.65;4.7;23.74;45.88
05170;Wesel;441;459809;29.7;77.1;3310;32;433371;69.3;88;615.1;21.53;15.75;23.27;9.18;16.71;65.27;5.9;91.2;52.75;7.26;31.42;20.6;3.68;43.82;16;22034;103.85;5.5;18.7;41.16
05314;Bonn;2320;327258;30.8;79.3;2392;18;853501;20.2;72.6;534.7;-70.62;17.35;18.01;16.67;10.45;94.33;6.3;99;66.36;6.2;27.51;35.3;8.49;46.48;28.6;23400;91.95;12.8;27.96;52
05315;Köln;2681;1085664;31.2;75.8;10483;15;3699735;41.3;72.6;444.7;-18.22;16.14;17.35;19.44;9.77;84.53;7.8;99;63.03;5.94;34.11;31.3;11.72;56.95;13.5;22319;71.42;6.6;31.52;42.22
05316;Leverkusen;2077;163838;29.3;75.2;2047;17;132591;43.3;83.5;546.9;10.74;17.18;21.67;15.92;10.07;100.1;7.2;98;67.86;6.56;29.14;15;2.87;45.84;11.5;21604;77.27;6.6;20.39;46.34
05334;Städte­region Aachen;786;555465;29.8;77;4331;36;801514;32.4;86.1;522.5;3.69;15.47;20.27;14.55;14.61;67.81;6.9;97.3;67.68;6.04;31.9;26.1;8.25;47.87;30.8;20528;107.66;6.9;33.58;44.04
05358;Düren;280;263722;29;75.9;2211;42;222439;51.8;90;606.3;25.14;16.69;21.25;10.83;15.63;62.7;6.3;88.4;64.67;6.5;30.28;34.1;3.56;50.85;19.6;21190;116.02;6.8;23.04;37.57
05362;Rhein-Erft-Kreis;667;470089;29.7;77.1;4301;26;514725;42.4;87.4;589;21;17.18;21.33;12.65;13.88;85.09;5.7;95.7;62.71;6.68;28.62;22.5;3.83;36.33;11.6;22543;78.42;3.1;20.27;39.37
05366;Euskirchen;154;192840;29.3;75.1;1742;46;293531;88;92.6;665.7;55.38;16.8;21.61;7.65;13.89;62.82;4.9;85.6;64.54;6.49;30.43;45;3.47;45.37;36.9;21835;127.83;5.7;25.84;38.09
05370;Heinsberg;405;254322;29.5;74.9;2152;33;110024;64.9;89.7;620.8;38.26;16.83;20.85;11.71;16.41;60.35;5;95.5;60.84;7.19;32.1;37.7;2.16;51.71;11;20350;128.37;3.8;19.17;37.81
05374;Ober­bergischer Kreis;297;272471;28.7;75.1;2054;40;283826;65;87.2;644.4;2.97;17.5;21.27;9.62;12.66;67.84;4.9;72.7;57.88;7.29;24.65;11.1;4.73;45.11;39.2;23202;135.84;5.7;21.61;37.28
05378;Rheinisch-Bergischer Kreis;648;283455;30.3;80.2;2380;24;232111;34;83.8;630.1;33.37;16.83;23.14;9.47;14.61;65.08;5.2;92.4;59.64;7.09;27.65;18.7;5.93;42.97;36.4;26314;97.44;4.1;31.99;45.51
05382;Rhein-Sieg-Kreis;520;599780;29.8;79.1;5351;26;617803;56.8;86.9;604.3;22.12;17.59;21.34;10.15;14.88;70.2;4.8;90.9;62.43;6.99;25.28;24.5;7.07;36.93;29.8;23936;84.8;2.4;25.49;43.1
05512;Bottrop;1167;117383;29.5;75.1;806;30;38733;52.4;78.9;576.2;41.49;15.63;22.34;10.94;15.4;53.83;7;97;51.12;7.06;31.37;17.7;4.43;35.52;21.5;20322;126.61;6;16.7;43.66
05513;Gelsenkirchen;2484;260654;27.8;68.2;1855;38;143948;46.3;89.4;466.5;7.75;17.6;20.61;19.9;14.3;68.2;12.8;98;57.62;8.24;36.73;9.4;3.15;41.47;9;16312;98.42;6.8;17.39;31.32
05515;Münster;1036;314319;31;82.3;1889;21;658531;45.8;68.8;463.5;-40.53;14.96;17.1;10.52;11.98;78.38;4.6;94;63.46;5.97;31.46;30.8;10.59;49.89;16.1;23683;94.56;11.9;50.77;52.85
05554;Borken;261;370676;29.4;78.1;2645;54;339147;44.2;82.3;596.4;13.06;18.42;18.94;9.23;16.05;65.26;3.4;87.2;57.07;6.9;24.47;36.8;8.39;46.81;13.9;22641;106.54;5.1;22.28;30.02
05558;Coesfeld;198;219929;30.3;81.1;1471;34;209091;71.2;88.4;627.2;22.46;17.42;20.73;6.42;15.09;63.77;2.7;86.7;64.73;6.78;28.4;38.5;6.77;44.56;15.1;23809;121.35;3.9;25.44;36.78
05562;Recklinghausen;808;615261;29.1;74;4250;37;359521;43;88.8;568.9;10.84;16.09;22.79;11.09;15.84;64.05;8.1;92.8;54.47;7;32;19.2;3.1;38.73;25.6;20411;114.12;7.9;16.29;35.68
05566;Steinfurt;249;447614;29.5;77.9;2944;23;360103;50.1;85.3;600.7;9.49;18.12;19.78;9.22;15.11;63.64;4;84.4;60.91;7;29.3;43.1;6.57;47.16;13.9;22357;101.49;4.6;22.57;32.81
05570;Warendorf;211;277783;29.6;78;1645;33;176409;68.1;84.1;610.1;-2.88;17.76;21.09;10.21;14.21;66.12;4.6;84.8;59.47;7.48;26.41;37;4.5;49.75;12.5;23421;102.79;4.8;21.09;37.02
05711;Bielefeld;1290;333786;30;75.5;2760;39;376401;42.7;74.7;506.6;-50.21;17.16;19.89;14.73;11.86;63.49;7.3;87;55.93;6.08;30.54;31.3;8.9;41.97;20.7;22645;88.23;11.9;60.98;38.4
05754;Gütersloh;376;364083;29.4;75.7;2908;41;277106;51.9;75.3;619.1;-6.12;17.97;19.51;12.91;11.47;75.92;4;78;48.2;6.47;25.24;29.1;9.23;50.35;13.5;25444;79.22;3.9;28.19;35.69
05758;Herford;557;250783;29.1;73.8;2359;49;99293;32.7;89;639.5;-18.54;16.99;22.1;9.26;10.69;67.13;5.1;91.9;51.68;6.6;31.61;20.6;8.49;43.94;8.7;22791;100.06;4.3;25.81;42.61
05762;Höxter;117;140667;28.8;76.7;906;46;243583;64.5;94.5;626.5;-77.63;16.72;22.63;5.62;13.81;61.47;3.7;74.5;62.16;6.57;27.13;20.7;5.9;39.24;29;22040;116.7;7.5;19.93;36.53
05766;Lippe;280;348391;28.7;75.3;2654;48;435237;68.2;87.9;613.9;-2.99;17.87;22.46;8.53;12.4;65.52;5.8;82.9;57.01;6.21;28.56;17.8;6.31;38.78;30;22692;105.62;4;24.16;34.28
05770;Minden-Lübbecke;270;310710;28.7;73.9;2271;59;315005;41.1;84;641.7;-3.96;17.49;21.98;7.94;11.05;75.21;4.7;80.6;59.77;7.2;28.98;24.7;4.89;48.34;11.1;23427;109.86;7.6;24.22;38.22
05774;Paderborn;246;306890;29.7;75;2526;18;359273;60.3;82.8;584.5;18.21;17.72;18;9.26;14.17;67.17;5;86.4;56.65;6.22;26.07;41.2;8.15;52.04;27.8;21774;97.72;5.7;34.74;35.41
05911;Bochum;2503;364628;30;75.3;2595;30;370633;42.8;74.6;540.6;-34.36;14.64;22.08;12.76;12.99;63.7;8.5;97;54.17;7.04;34.63;14;5.43;36.8;8.1;20137;88.47;9.3;28.38;42.24
05913;Dortmund;2091;587010;29.3;72.3;3799;18;814607;33.2;82.2;488;-19.68;16.27;20.48;17.53;11.81;68.4;10.1;92;51.82;6.37;33.18;24;5.96;40.58;10.6;19358;84.66;6.7;25.62;38.66
05914;Hagen;1177;188814;28.3;70.8;1317;21;114643;27.6;87.5;516;30.51;17.32;22.24;18.49;12.63;64.95;10;92;60.19;7.17;32.01;9.4;4.08;36.86;42.4;20086;100.25;8.5;22.49;39.33
05915;Hamm;791;179111;28.6;72.4;1198;25;110962;40.1;73.1;535.6;-11;17.48;20.85;15.12;14.09;61.72;8.1;93;52.46;6.57;32.39;16.2;3.13;48.57;8.8;18404;111.62;10;18.68;29.87
05916;Herne;3041;156374;28.2;70.4;1252;31;37083;35.3;62.5;490;8.82;16.14;21.84;17.11;12.33;58.5;10.3;99;51.76;6.14;34.29;8.2;2.88;36.83;8;17888;101.09;10.6;14.03;34.9
05954;Ennepe-Ruhr-Kreis;792;324296;29.7;76.5;2220;29;205501;26.8;85.2;604.7;29.54;15.37;23.66;10.32;12.38;67.5;5.5;93;55.75;6.73;32.01;19.5;3.67;32.53;29.3;24614;106.45;5.9;24.8;39.41
05958;Hoch­sauerland­kreis;133;260475;29.3;76;1834;45;1282432;72.7;94.2;631.2;-14.2;16.48;22.01;8.78;14.59;63.52;4;92.2;58.49;6.87;29.29;14.4;12.9;45.3;54.6;24103;109.33;8;17.99;33.06
05962;Märkischer Kreis;388;412120;28.4;72.1;2805;34;209005;27.1;90;608;-10.77;16.76;22.03;13.24;12.63;70.63;6.2;73.8;56.61;7.09;28.89;7.1;5.1;41.37;49.8;25063;103.37;6.9;15.49;36.88
05966;Olpe;189;134775;29.3;76.5;939;58;265926;53.5;82.8;655.9;-20.55;17.16;20.14;9.6;13.19;70.18;3.3;75.8;61.57;6.98;26.64;29;2.45;43.03;56.6;28044;106.89;6.3;20.36;35.39
05970;Siegen-Wittgen­stein;246;278210;29.3;76.2;1989;70;255728;33.3;94.1;625.5;-44.79;16.24;21.48;10.73;13.76;71.25;4.5;83.5;58.28;7.09;28.26;8.7;5.07;37.96;60.6;23513;84.4;7.2;17.67;38.49
05974;Soest;227;301902;29.5;75.1;2057;23;434833;55.3;82;620.2;-6.23;17.02;21.22;9.55;13.5;68.62;5;84.5;57.67;6.75;35.18;28.9;7.88;37.59;19.9;22735;111.97;6.7;29.24;37.15
05978;Unna;727;394782;29.4;75.3;2641;14;214991;41.7;85.9;599.1;-68.7;16.16;22.75;10.18;13.85;66.65;6.8;90.7;54.58;6.95;30.88;17.4;3.85;45.77;12.1;21498;100.12;6.7;24.16;40.52
06411;Darmstadt;1304;159207;30.8;78.6;1354;18;353372;33;70.7;456.9;-27.39;16;17.22;19.84;9.43;91.98;5;98;66.98;6.29;31.91;18.6;14.13;72.67;44.4;22788;69.57;9.8;54.34;51.67
06412;Frankfurt am Main;3033;753056;31.4;74.9;8418;14;5934778;25.2;44.7;446.7;-25.3;16.92;15.64;29.3;6.69;98.68;5;96;60.92;6.38;27.66;43.1;13.27;51.06;14.7;22144;56.64;8;37.94;38.03
06413;Offenbach am Main, Stadt;2869;128744;29.5;67.6;1453;15;254560;22.5;57.7;434.8;6.14;18.58;16.46;35.85;10.73;68.64;8.6;99;64.74;8.13;26.63;31.5;7.15;51.96;32.7;18023;58.11;9.5;30.09;26.29
06414;Wiesbaden;1365;278342;30.3;73.8;3032;19;580346;48;51.7;521.7;-39.59;17.82;19.98;19.45;8.71;95.7;6.3;98;67.47;7.35;32.39;22;10.92;58.78;26.5;25344;66.71;7.1;34.76;38.08
06431;Bergstraße;375;269694;29.8;78.7;2501;42;335379;34.5;85.2;633.8;27.4;16.15;22.2;13.38;14.34;74.35;3.5;95.2;59.53;8.31;27.64;30.1;3.86;56.66;39.9;23935;84.68;3.5;30.67;35.09
06432;Darmstadt-Dieburg;452;297399;30;79.6;2705;30;240212;26.6;90;625.5;9.25;17.08;20.75;14.46;13.93;75.99;4.3;94.6;51.34;8;26.26;29.8;4.74;54.07;34.9;23949;63.13;1.4;30.13;34.74
06433;Groß-Gerau;606;274526;29.7;76.3;2797;17;676968;35;73.8;633.5;19.42;17.83;19.23;22.25;10.32;97.74;4.7;92.3;53.06;8.57;22.77;26.1;11.55;61.6;23.4;21093;64;3.8;38.96;30.12
06434;Hochtaunus­kreis;491;236564;30.9;82.1;2483;29;485210;35.9;85;704.6;12.13;17.98;22.58;16.24;9.56;89.01;3.4;97.4;56.78;8.43;26.68;26;6.72;49.92;49.1;33827;80.38;5.2;44.63;45.82
06435;Main-Kinzig-Kreis;300;418950;29.4;76.6;4147;44;385410;41.8;90;606.7;8.95;16.73;21.53;15.42;12.48;78.21;4.1;93.3;61.45;9.18;29.42;9;5.78;41.44;42.8;23600;76.13;4.3;21.27;29.03
06436;Main-Taunus-Kreis;1068;237735;30.8;81.3;2732;14;438865;32.1;82.8;793.7;-13.04;18.12;21.16;16.41;9.74;101.19;3.3;96.3;55.28;7.99;23.27;28;10.43;37.65;23.7;27007;54.23;2.9;26.14;36.76
06437;Odenwaldkreis;155;96798;28.5;76.6;884;58;152492;39.1;87.4;637.6;15.81;15.77;23.58;13.73;14.49;65.32;4.4;96.1;60.04;8.93;25.94;24;5.48;52.69;56;21886;117.6;4.9;24.05;32.76
06438;Offenbach;994;354092;30.1;78.4;4174;17;497704;23.3;76.7;599.9;19.66;17.37;21.19;19.17;11.5;92.02;4;96.7;56.3;7.45;26.54;32.7;8.02;40.41;43;23761;60.85;2;22.48;36.98
06439;Rheingau-Taunus-Kreis;231;187157;30.1;80.4;1870;34;507384;45.7;89.6;642.7;26.45;16.36;22.85;12.19;14.42;68.16;3.9;84.8;58.41;8.29;29.67;15.6;6.14;40.55;54;24962;74.44;3.5;34.97;37.59
06440;Wetterau­kreis;278;306460;29.6;78;3019;39;252039;39.3;88.3;614.6;46.89;16.82;21.12;12.74;13.07;72.57;3.8;95.6;62.23;8.78;28.4;31.5;5.65;42.32;28.8;23660;88.2;4.5;24.02;40.19
06531;Gießen;315;268876;29.4;76.9;2619;49;249431;49.8;86.1;562.3;-251.08;15.74;19.36;12.08;14.39;67.34;5.3;88.7;63.28;8.18;36.85;31.9;6.55;49.35;34.5;20902;74.97;9;28.99;39.58
06532;Lahn-Dill-Kreis;238;253777;28.9;73.6;1965;59;253830;46.5;89.6;634.4;7.57;16.57;22.08;10.84;13.17;66.92;4.8;92.7;67.28;9.11;30.22;20.4;5.6;44.88;47.3;23191;109.89;7;19.38;22.66
06533;Limburg-Weilburg;233;172083;29.5;76.2;1615;44;223659;46.4;89.4;639.3;14.41;16.7;21.45;11.68;14.14;66.56;4;88.5;60.48;9.33;29.2;19.3;4.13;49.39;33.8;21869;87.92;6;25.67;25.15
06534;Marburg-Biedenkopf;195;246648;29.6;77.7;2924;75;284845;44.1;90.1;569.7;7.54;15.96;19.64;11.56;13.11;69.35;3.7;92.8;65.81;8.09;33.33;30.3;4.14;35.52;40.7;20887;90.02;6.3;26.15;34.06
06535;Vogelsberg­kreis;73;105878;28.8;76;730;70;215986;87.6;99.2;669.7;23.33;15.01;24.32;6.85;15.4;62.5;3.7;60.2;63.88;9.22;38.61;14.1;3.12;54.97;38.7;22626;107.28;6.6;15.91;24.69
06611;Kassel, Stadt;1888;201585;28.7;73;1806;57;533093;62.8;71.1;443.2;-10.67;15.83;19.49;18.32;10.95;67.39;7.3;95;66.75;8.52;38.37;27.2;8.19;54.32;21.4;19135;78.86;13.5;31.89;37.87
06631;Fulda;161;222584;29.3;77.3;1767;77;803195;55.5;89.1;627.9;-0.63;16.94;21.07;9.05;12.35;64.9;2.7;93.1;67.18;9.31;30.75;29.3;7.86;43.94;35.6;22598;121.52;7;20.59;27.23
06632;Hersfeld-Rotenburg;110;120829;28.3;76.2;801;67;383617;50.7;95.2;643;-7.28;16.05;23.97;9.61;10.78;66.76;3.6;70;68.54;8.78;33.24;9.9;3.06;56.61;45.7;21184;112.88;8.6;18.44;24.98
06633;Kassel;183;236633;29.2;78.6;1607;54;306125;55.3;90.6;621.9;31.78;15.67;24.85;7.13;12.18;75.81;3.6;55.4;63.38;9.8;33.89;25.7;3.51;37.23;39.3;22238;122.87;3.6;24.58;26.16
06634;Schwalm-Eder-Kreis;117;180222;29.2;78.1;1170;71;236011;49.7;95;648.8;15.81;15.7;23.25;7.25;12.89;69.51;3.2;48;64.18;8.61;36.46;18.4;2.44;46.55;35.4;21546;113.97;3.6;22.4;33.51
06635;Waldeck-Frankenberg;85;156953;29;75;1020;64;851662;75.3;95;656.8;3.12;16.28;23.13;8.48;11.33;67.06;3.4;74.6;66.13;9.05;34.41;19.8;5.48;46.45;45.5;21678;139.39;10.9;20.68;24.54
06636;Werra-Meißner-Kreis;99;101017;28.4;75.7;586;68;170899;71.4;96.1;614.4;39.3;14.82;25.57;7.57;12.59;59.92;4.7;64;63.3;8.13;41.9;6.1;3.07;40.19;42.5;20280;142.43;5.8;13.43;23.78
07111;Koblenz;1083;114024;30;75.3;1010;60;360612;47.9;71;545.2;-18.59;14.65;21.6;13.55;10.1;74.75;5.5;96;71.15;7.71;37.78;21;10.52;68.49;30.6;21357;119.2;17.1;21.19;47.34
07131;Ahrweiler;165;129727;29.4;79.3;1162;46;539460;117;87.5;648;67.37;15.38;24.52;9.6;16.57;62.5;3.4;73.5;63.61;7.35;27.57;34.2;15.73;65.68;51.1;23643;111.7;5.9;17.82;41.78
07132;Altenkirchen (Westerwald);200;128705;28.4;75.4;917;57;91848;73.6;94.6;641.1;17.25;16.45;22.29;7.54;17.13;63.37;4.2;71.3;65.22;6.71;27.6;9.2;4.12;53.77;50.9;21486;90.22;3;16.69;29.14
07133;Bad Kreuznach;183;158080;28.9;76.6;1307;45;255544;102.4;91.2;622.5;29.54;16.22;23.26;10.37;12.19;64.78;5.5;84;64.74;7.31;32.83;46.3;5.76;45.61;37.3;22213;79.59;6.1;22.01;31.66
07134;Birkenfeld;104;80720;27.8;73.6;537;40;98007;124.6;95.9;639.8;3.84;15.28;24.26;8.58;12.54;62.41;5.6;82.8;68.13;7.87;39.44;10.7;67.15;48.93;53.8;21626;108.88;8.3;13.99;29.72
07135;Cochem-Zell;89;61587;29.2;78.5;511;41;522774;174.5;95;662.1;12.83;15.17;24.32;7.33;14.64;60.71;3;78.5;61.63;7.98;31.18;19.6;1.62;60.08;48.2;22726;122.93;6.9;15.51;23.3
07137;Mayen-Koblenz;262;214259;29.6;76.7;1554;56;350121;69.8;85.6;637.8;23.85;16.36;21.91;7.95;14.07;69.27;3.1;88.8;58.06;7.68;28.74;34.1;2.57;52.6;30.2;22157;94.22;3.5;19.41;31.98
07138;Neuwied;290;181941;28.9;76.3;1556;40;156291;72.3;90.6;646.5;26.33;16.9;22.27;9.47;12.46;68.46;4.6;91;61.66;7.22;27.15;17.6;4.73;60.02;44.2;23015;106.91;8.8;20.21;26.15
07140;Rhein-Hunsrück-Kreis;104;102937;29.5;78.2;786;27;364093;121.3;92.6;670.4;5.63;16.07;22.73;7.77;12.48;65.34;3.2;81.8;68;7.32;22.25;19;3.21;44.69;44.4;23978;99.96;4.3;19.74;29.47
07141;Rhein-Lahn-Kreis;156;122308;29;77.7;989;58;246422;96;96;646.6;4.58;15.84;23.41;8.75;15.12;64.43;2.8;83.5;62.1;7.56;31.82;19.7;4.66;46.19;44.4;22399;87.76;8.3;17.12;36.78
07143;Westerwaldkreis;204;201597;29.2;77.7;1568;57;306906;91.3;94.1;665.7;30.9;16.83;21.1;8.72;15.72;71;2.8;91.3;60.19;7.95;26.67;30.1;19.44;57.29;40.7;24845;96.8;2.7;18.61;27.24
07211;Trier;945;110636;29.5;74.8;819;29;461377;55.7;64.6;469.2;-290.32;14.23;17.74;14.02;13.29;59.74;4.9;96;59.08;6.75;43.24;56.7;8.86;56.13;38.4;20582;88.81;14.3;27.83;42.75
07231;Bernkastel-Wittlich;96;112262;29.1;78;840;38;516671;142;93.5;655.8;-2.76;16.09;22.78;9.99;12.56;63.45;3;74.9;63.32;6.96;28.98;39.9;2.49;57.72;48.3;22012;103.54;4.4;17.03;31.66
07232;Eifelkreis Bitburg-Prüm;61;98561;28.9;76.6;637;59;231140;196.2;97.1;658.7;-10.15;16.87;20.69;12.85;15.07;66.11;2.4;61.8;53.96;7.58;29.23;46.4;3.25;59.25;34.5;22304;85.02;6.1;18.17;35.37
07233;Vulkaneifel;66;60603;28.8;77.7;492;67;390504;237.2;93.7;668.4;9.74;15.27;24.19;7.51;14.53;62.97;3.7;66.2;64.25;8.05;30.77;18.3;3.3;63.36;43.9;21665;104.77;3.8;13.17;34.68
07235;Trier-Saarburg;135;148945;30.1;81.3;822;39;330258;169.1;90.4;656.2;18.13;16.99;20.66;10.46;19.15;61.73;2.6;74.4;56.55;7.61;31.94;40.4;5.77;48.88;43.6;22990;89.81;2.3;21.98;33.52
07311;Frankenthal (Pfalz);1107;48561;29.1;73.7;347;46;52783;45;62.5;549;-5.56;16.98;22.8;17.32;10.54;70.4;6.7;98;68.16;8.49;31.14;4.1;2.47;65.07;0.7;22288;79.1;6.5;19.29;35.22
07312;Kaiserslautern, Stadt;715;99845;28.7;71.3;778;45;111798;38.6;87.8;490.1;-25.54;14.73;20.3;16.45;12.75;67.34;8.6;93;58.18;6.51;35.33;23.3;16.63;60.89;61.3;19105;91.29;11.7;27.98;42.28
07313;Landau in der Pfalz;563;46677;30.8;77.6;307;44;56011;49.7;64.7;583.6;77.13;14.93;19.18;10.18;12.85;60;4.7;97;62.65;6.53;31.66;48.6;7.5;82.7;30.5;21531;77.55;18.3;30.83;44.67
07314;Ludwigshafen am Rhein;2209;171061;28.4;70.3;1201;50;210983;42;78.8;480.6;-15.32;18.18;18.84;26.26;8.24;112.66;8.1;98;63.5;7.32;28.2;28.4;5.03;60.68;2.5;19589;59.76;12.2;46.15;33.17
07315;Mainz;2222;217118;31.3;80.8;1923;22;600073;29;82.3;457.8;31.37;14.72;17.52;18.17;11.12;76.16;5.3;96;61.83;6.16;27.81;61.7;12.39;45.18;2.5;21899;66.66;10.4;37.95;54.74
07316;Neustadt an der Weinstraße;454;53148;29.2;78.9;441;54;102819;70.3;85.1;611;6.77;15.83;24.35;10.68;11.91;58.45;5.1;93;65.6;8.04;30.11;45.9;3.2;59.83;42.4;26591;77.22;6.8;28.81;64.55
07317;Pirmasens;658;40403;27.3;68.4;343;36;27856;89.1;88.2;563;-32.18;15.27;25.46;11.68;10.74;56.37;10.7;97;81.22;7.66;47.88;8.9;6.44;57.17;38.4;19665;139.3;11.1;20;47.04
07318;Speyer;1180;50378;29.6;76.3;401;58;155565;50.5;60;576.8;-26;16.04;22.66;14.51;10.2;66.21;5.7;99;62.83;7.09;25.4;12.9;4.96;78.21;21.7;24063;152.95;12.8;23.17;49.09
07319;Worms;766;83330;28.4;73.4;652;45;74586;59.1;63.4;544.4;-46.2;17.28;20.49;17.5;11.55;69.67;6.6;98;61.39;8.51;30.17;21.1;4.08;59.64;2.3;20593;95.09;8.4;22.85;35.05
07320;Zweibrücken;484;34209;28.8;71.5;312;21;24626;61.6;92.3;609.1;-30.99;15.59;23.14;10.66;10.84;73.48;5.9;95;58.36;8.05;31.35;43.8;4.09;52.33;23;20135;77.62;0;18.85;40.43
07331;Alzey-Worms;220;129244;29.3;80.7;1033;39;87612;85.4;92.8;648.8;33.97;17.13;20.05;9.33;14.73;68.91;3.6;87.1;63.03;8.31;26.29;35.3;2.63;47.89;4.2;22895;61.63;4.6;24.64;34.56
07332;Bad Dürkheim;223;132660;30;81.2;988;59;343453;92.5;92.8;674.5;21.11;15.46;24.16;8.32;14.91;63.7;3.5;76.4;61.02;7.95;30.06;23.4;7.09;52.16;51;26194;77.45;3.8;26.43;34.85
07333;Donnersbergkreis;116;75101;28.9;76.2;479;54;68890;109.5;97;655.8;21.57;16.66;21.75;7.69;12.6;73.57;4.6;74.9;58.59;7.79;31.86;17.8;4.66;49.4;31.9;21671;99.73;2.7;19.61;31.99
07334;Germersheim;279;129075;30;78.4;1132;41;61655;59.2;87.4;634.2;10.46;16.87;19.85;12.32;10.57;79.46;3.8;86.6;60.71;7.86;26.11;34.7;2.79;49.89;39;22724;62.97;2.5;16.51;37.22
07335;Kaiserslautern;166;106057;29;77.4;814;44;90535;98;97.1;638.3;31.68;17.34;21.6;8.65;15.26;63.93;4.8;68.5;68.15;7.41;21.15;14.9;2.73;52.9;49.4;21239;66.83;5;18.4;33.14
07336;Kusel;123;70526;28.8;76.8;381;48;37888;121.7;98.1;667.5;36.58;15.29;23.95;6.24;17.77;61.58;4.2;68.4;60.77;8.1;28.88;17;1.42;33.18;34.7;20734;77.72;0;10.55;18.77
07337;Südliche Weinstraße;172;110356;29.8;80.7;808;49;315227;101.2;91.6;686.1;-2.9;15.77;23.18;7.41;12.88;63.37;3.5;74.3;65.09;7.88;30.04;30.6;6.71;58.08;44.1;24052;52.43;6.4;23.51;33.72
07338;Rhein-Pfalz-Kreis;506;154201;30;81.7;1265;56;74490;68.7;87.3;653.1;34.82;16.54;22.68;10.12;12.91;63.99;3.4;96.5;56.63;7.23;22.88;38.3;1.69;42.35;16.2;25978;67.04;0;20.77;27.88
07339;Mainz-Bingen;348;210889;30.4;82.6;1655;34;237751;71.6;90.5;658.9;-23.14;17.32;20.69;10.08;13.39;92.27;3.4;95.4;63.4;7.52;27.55;71.3;4.5;40.59;13.7;26534;64.97;1.6;33.26;41.77
07340;Südwestpfalz;100;95113;29.4;80.4;606;46;137341;148.4;98.3;698.6;13.14;14.18;25.12;4.18;16.56;65.13;3.7;69.9;63.89;8.48;27.51;21.4;1.05;40.48;62.6;23064;64.94;2.2;11.33;22.37
08111;Stuttgart;3062;634830;31.4;79.6;4723;15;2062673;20.2;51.4;475.4;-34.01;15.4;17.85;24.85;7.54;101.25;4.1;93;60.85;5.47;25.61;25.3;15.99;45.27;23.5;25559;77.87;7.9;88.23;42.18
08115;Böblingen;634;391640;30.7;80.2;3193;20;499294;38.7;78.3;646;-4.77;17.87;19.87;18.37;9.59;109.28;2.8;92.1;55.19;6.89;18.86;31.9;20.2;50.45;34.3;25284;78.22;2.8;75.11;31.67
08116;Esslingen;832;533859;30.8;80.8;4445;16;819398;20.3;77;617.6;-8.35;16.87;20.44;17.34;11.13;78.44;3.2;87.8;57.09;6.88;20.63;26.3;8.45;40.14;29;25449;78.13;3.6;39.56;32.18
08117;Göppingen;400;257253;29.5;77.1;2043;35;230854;25.4;84.5;636.6;11.23;16.92;21.56;16.37;11.35;70.28;3.5;93.9;56.95;7.85;24.99;38.1;9.56;44.47;31.8;24167;92.18;4.9;28.34;25.61
08118;Ludwigsburg;792;543984;30.5;80.6;4486;31;515486;23.6;81.1;605.7;-9.91;17.61;19.77;17.83;10.25;94.11;2.8;92.4;59.16;6.6;21.62;24.8;8.03;41.55;18;25873;83.81;3.2;39.7;33.79
08119;Rems-Murr-Kreis;497;426158;30.2;79.3;3464;43;350663;21.6;80.9;614.9;8.31;17.11;21.03;15.88;12.06;71.95;3.1;88.9;55.78;7.29;24.71;27.7;8.1;39.89;39;25200;91.39;3.1;36.66;27.03
08121;Heilbronn, Stadt;1261;125960;29.4;73;1158;50;174884;24.7;64.1;529.6;-29.06;17.39;19.46;25.52;11.06;67.81;4.7;83;63.14;6.49;24.44;33.2;7.78;66.21;13.5;31953;103.03;8.2;32.32;29.27
08125;Heilbronn;312;343068;29.9;79.4;2690;53;407824;50.8;86.2;703.8;13.44;17.53;19.21;14.47;10.15;95.68;2.8;87.7;58.69;7.4;22.23;40.6;3.38;44.45;25.3;24555;81.43;3.6;31.62;25.28
08126;Hohenlohekreis;144;112010;29.4;77.2;714;66;208595;43;92.8;732;13.66;17.31;19.45;11.05;8.59;76.66;2.4;84.6;55.66;8.73;20.28;38.6;7.05;45.17;27.4;24238;104.77;2.5;31.11;21.05
08127;Schwäbisch Hall;132;195861;29.3;75.4;1354;76;277719;40.2;94.2;648;25.78;17.79;19.21;11.33;10.83;70.63;2.7;83.2;62.82;8.32;22.78;37.9;9.14;47.79;31.4;23644;91.81;3.8;31.7;23.82
08128;Main-Tauber-Kreis;101;132321;29.7;78.6;845;79;358976;52.5;93.8;666.3;-6.5;16.34;22.53;9.27;11.47;65.39;2.6;87.8;65.81;8.47;26.1;23.1;7.86;46.7;29.2;23055;125.12;7.8;20.15;23.06
08135;Heidenheim;211;132472;29.1;75.8;933;70;126029;42.3;89.9;622.7;1.59;17.12;21.83;15.32;11.34;72.16;3.8;91.7;65.15;8.02;23.34;22.7;5.44;49.9;42.9;22488;98.4;4.1;22.95;28.84
08136;Ostalbkreis;208;314002;30.1;77.3;2226;76;394031;38;88.5;645.9;12.58;17.18;20.58;10.98;11.52;78.86;2.8;84.9;60.18;7.85;21.22;28.2;8.28;39.97;38.7;24387;95.54;3.4;27.16;29.52
08211;Baden-Baden;393;55123;30.4;75.6;572;12;452982;44.4;78.9;625.4;48.26;14.44;26.11;19.63;11.7;67.99;4.3;95;80.41;6.93;29.95;32.5;9.61;54.61;60.8;31018;149.86;14.6;41.03;48.59
08212;Karlsruhe, Stadtkreis;1805;313092;30.9;77.6;2501;28;658668;38.1;67.9;449.4;-52.13;14.29;18.38;18.95;8.93;82.32;3.9;96;59.95;5.53;29.03;26;9.01;52.83;25.6;22687;95.35;8.6;51.97;44.05
08215;Karlsruhe;409;444232;30.2;79.6;3670;41;401617;35.8;89;621.4;8.51;16.64;21.1;13.33;13.14;77.93;2.8;85.5;57.38;7.35;23.5;27.4;4.23;44.64;33.5;23926;91.63;2.1;32.85;29.3
08216;Rastatt;313;231018;29.8;76.2;1787;20;289301;32.3;87.8;648.9;13.46;16.38;21.57;13.93;10.24;84.43;2.9;93;57.77;7.34;28.48;43;4.8;49.09;50.1;23235;72.02;1.9;25.95;24.55
08221;Heidelberg;1473;160355;31.2;81.6;1369;50;794339;17.4;52.9;376.8;-538.62;14.09;16.37;20.29;11.16;71.86;4;88;64.76;5.24;34.37;14.7;11.91;50.45;40.4;23515;74.72;18.8;47.76;55.22
08222;Mannheim;2134;309370;29.9;73;2812;48;673571;34.4;78.4;488.2;1.62;15.34;18.41;23.43;9.19;82.73;5.3;97;67.21;7.1;29.35;16.6;9.5;49.94;12;20937;87.37;7.7;28.53;36.16
08225;Neckar-Odenwald-Kreis;127;143535;29.4;76.4;1038;75;161690;57.3;94.2;646.6;6.69;16.42;21.56;9.92;11.7;67.96;3;87.8;57.19;8.98;24.16;24.1;3.9;37.83;41.6;22316;115.01;3.5;19.31;30.46
08226;Rhein-Neckar-Kreis;516;547625;30.5;80.2;4818;56;799161;32.5;88.1;637.3;11.34;16.86;21.46;12.58;12.68;77.92;3.5;91;63.47;6.89;24.49;26.1;4.49;43.33;35.4;25201;89.18;2.8;34.44;33.63
08231;Pforzheim;1281;125542;28.7;69.4;1082;33;120650;22.3;85.8;488.1;-1.27;17.81;20.08;26.47;10.14;65.65;5.6;97;65.17;7.8;27.04;19;41.1;67.47;51.1;22887;133.56;9.7;30.44;36.2
08235;Calw;199;158397;29.4;78.1;1288;45;445259;39.9;89.2;650.6;28.6;17.26;20.81;15;12.84;67.67;2.9;76.5;57.17;8.2;19.18;38.2;6.76;37.56;61.4;23767;106.72;7.9;43.52;24.87
08236;Enzkreis;347;198905;29.9;80.3;1479;36;123976;28.8;88.3;655.8;1.61;17.12;21.16;13.13;11.5;71.5;2.3;83.7;55.96;7.89;21.49;26.1;18.35;44.19;38;25496;106.52;1.6;33.25;22.01
08237;Freudenstadt;135;117935;29.7;76.7;809;55;520602;42.1;88.4;642.1;-4.24;17.25;20.53;11.84;12.24;72.64;2.8;85.4;56.19;8.86;21.71;30;8.82;44.35;62.2;24607;117.58;4.1;27.12;22.71
08311;Freiburg im Breisgau;1504;230241;31.2;80.9;1674;43;881280;27.5;43.4;401.2;-22.11;15.83;16.49;17.17;11.45;66.02;4.9;93;84.92;5.35;37.37;33.8;10.25;57.24;42.6;22016;88.31;9.8;49.39;48.65
08315;Breisgau-Hoch­schwarz­wald;191;262795;30.1;80.8;2222;53;1412900;36.7;88.5;596.4;-5.86;17.38;21.8;11.83;13.69;64.47;2.7;67.1;65.55;7.55;30.19;31.1;5.82;41.48;47;24778;78.54;5.1;41.1;32.9
08316;Emmendingen;243;165383;30.2;79.6;1336;53;276066;35.8;75;602.1;16.2;17.29;20.92;10.43;13.81;69.29;2.5;85.1;64.35;7.55;28.43;42.8;6.89;44.2;45.5;23285;87.36;6.2;32.85;21.55
08317;Ortenaukreis;231;429479;29.6;75.4;3101;37;1799732;27.9;85.5;624.5;27.24;17.26;20.82;11.77;11.45;69.7;2.9;86.4;64.33;7.59;27.41;30.8;7.96;52.74;47;23467;115.11;5.3;26.13;27.7
08325;Rottweil;181;139455;29.8;76.8;1065;58;133928;30.3;91.4;662.8;4.59;17.55;21.04;11.63;11.99;78.47;2.3;93.3;59.05;8.23;22.41;31.7;3.8;45.32;42.5;25198;98.45;6;21.09;28.94
08326;Schwarzwald-Baar-Kreis;207;212381;29.3;75.6;1516;70;482085;49;90.9;611.4;0.47;16.62;22.18;15.5;12.11;67.18;3;85.5;61.08;7.38;26.02;25.8;4.52;44.68;45.5;24677;103.31;6.1;23.05;25.05
08327;Tuttlingen;191;140152;29.4;75.7;953;71;140576;31.6;81.7;621.9;-20.34;18.55;19.56;16.59;11.72;76.41;2.7;92.8;53.09;8.3;22.39;32.8;9.42;43.52;49.7;25423;86.87;2.6;26.03;25.16
08335;Konstanz;349;285325;30.1;77.4;2420;53;949232;42.7;79.8;555.2;33.09;16.38;20.84;15.05;13.89;66.43;3.1;79.7;65.14;7.01;30.76;37.4;6.62;52.82;32.7;24862;88.16;5.8;33.63;29.8
08336;Lörrach;283;228639;29.8;75.3;1566;26;536193;38.1;81;592.4;12.73;17.63;20.29;15.06;12.86;70.21;3.4;76;61.76;7.02;30.62;23.4;7.87;50.69;50.3;26870;97.28;3.7;40.69;27.41
08337;Waldshut;151;170619;30;74.7;1259;44;386153;45.7;84;620.9;3.99;17.83;21.17;15.5;13.87;66.78;2.9;70.4;53.47;8.2;29.92;44.2;7.38;44.13;48.3;25304;88.96;4.2;35.72;21.98
08415;Reutlingen;262;286748;30.2;78.8;2340;42;437271;43.1;83.2;619.3;0.77;17.28;20.49;15.72;11.29;73.35;3.3;86.9;61.59;7.61;22.43;31;10.22;49.49;37.1;24603;86.93;4.4;31.2;30.97
08416;Tübingen;438;227331;30.6;82.6;1487;33;216422;32.7;78.7;545;13.68;16.85;17.23;13.57;12.67;66.63;2.6;89.2;61.57;6.38;24.2;42.1;7.13;39.5;34.2;23472;69.85;8.6;32.84;41.61
08417;Zollernalbkreis;206;188935;29.6;75.3;1366;60;148339;34.5;87.1;668.6;18.15;16.38;22.05;12.74;11.76;70.38;3.2;79.4;56.86;8.61;22.89;23.7;6.19;42.34;40.4;25523;93;2.9;24.83;17.36
08421;Ulm;1064;126329;30.7;78.1;999;52;442326;27.6;71.3;524.1;-5.78;16.3;18.36;19.85;10.18;76.65;3.3;96;68.47;5.65;24.49;47.7;12.35;52.17;18.8;26204;93.87;12.2;43.19;41.56
08425;Alb-Donau-Kreis;144;196047;29.9;80.6;1482;57;275874;47.7;86.5;640.4;18.62;18.19;19.24;13.24;13.27;74.43;2.3;78.5;64.22;8;21.48;43.6;3.77;40.65;29.3;23761;79.23;2.2;25.26;19.94
08426;Biberach;142;199742;30.1;78.9;1375;64;252688;40.9;89.9;643.7;8.76;18.63;18.57;10.59;11.46;90.35;2;80;60.53;8.07;22.9;44.3;4.81;44.76;28;24332;86.4;4;28.03;24.39
08435;Bodenseekreis;325;216227;30.4;79.9;1906;20;1108528;35.3;71.5;628.8;35.33;16.7;22.61;13.41;10.61;89.04;2.3;83.3;66.62;7.22;26.33;47.9;7.91;52.72;27.8;26548;82.13;3.5;35.66;25.49
08436;Ravensburg;174;284285;30;78.2;2252;37;479313;45.3;83.2;620.8;-10.62;17.63;19.78;11.16;12.27;74.03;2.4;78.6;62.84;8.22;27.65;29.9;6.4;51.81;27.9;23680;82.86;6.1;34.38;27.67
08437;Sigmaringen;109;130873;29;76.5;967;57;204441;47;93.6;646.9;32.32;17.27;20.29;10.9;12.29;68.84;2.7;80.5;60.68;8.72;25.75;32.2;6.04;42.41;38.3;22818;85.49;5.1;19.8;28.29
09161;Ingolstadt;1027;136981;29.5;71.4;1190;41;332813;40.2;77;715.1;82.86;16.73;18.35;18.71;6.81;135.78;2.9;97;63.59;8.18;27.26;95.9;28.98;63.59;13.3;24072;73.05;9.6;92.06;31.03
09162;München, Stadt;4736;1471508;31.5;78.5;10301;27;8265994;26.1;59.1;493.2;-70.13;15.77;17.62;25.98;7.18;103.34;3.5;97;72.32;7.33;27.07;57.8;38.4;43.98;4.7;28945;40.7;7.7;76.93;35.8
09163;Rosenheim, Stadt;1701;63324;29.1;74.2;836;45;143307;14;65.4;544.5;-23.37;16.32;20.11;21.13;10.12;65.57;3.9;100;76.09;7.59;31.46;29.2;14.84;66.8;14.3;23425;48.67;12.1;32.99;33.67
09171;Altötting;195;111210;29;74.9;884;59;131731;30.8;87.7;626.1;32.91;16.89;21.76;11.55;10.54;88.04;2.8;90.1;63.44;8.82;31.82;40.2;6.29;55.48;28.7;23409;115.83;5.3;31.25;24.03
09172;Berchtes­gadener Land;126;105722;28.8;75.8;986;18;772136;31.7;71.7;607.1;42.19;15.44;23.65;16.27;11.76;63.64;3.3;92.8;75.2;9.61;32.39;37.9;7.57;55.52;48.9;22779;97.09;6.4;25.75;28.72
09173;Bad Tölz-Wolfratshausen;115;127227;29.7;79.9;1360;61;398474;44.6;81.2;620.9;7.86;17.34;21.34;12.63;12.36;64.77;2.1;83.7;69.53;8.64;29.83;46.8;9.67;58.48;53.5;26988;66.05;5.1;34.79;35.66
09174;Dachau;266;153884;30.2;81.5;1582;30;150965;47.5;91.1;592.2;10.27;17.64;18.45;15.95;12.81;70.45;1.8;86.8;61.56;8.11;22.41;35.6;4.09;50.56;16.6;25372;75.51;3;33.63;25.17
09175;Ebersberg;259;142142;30.8;84.1;1574;38;211292;49.2;82.1;586.4;31.17;18.65;18.69;13.57;11.59;77.92;1.8;81.3;58.24;8.16;23.35;43.7;4.22;43.48;36.6;27626;68.82;2.3;47.05;34.83
09176;Eichstätt;109;132341;29.4;82.2;942;58;458726;39.3;95.2;623.4;-7.25;18.59;17.53;9.3;11.47;77.94;1.3;82.6;57.73;9.73;22.91;43.9;7.33;53.5;39.8;24531;58.64;3.5;27.44;27.03
09177;Erding;158;137660;30;80.8;1300;25;878834;44.2;88;636.3;-10.02;17.93;16.9;11.66;11.55;69.01;1.8;85;60.64;9.28;25.09;31.4;6.25;49.91;13.3;24958;68.16;3.1;34.98;25.24
09178;Freising;224;179116;30.2;80.6;1773;18;668169;35.2;81.8;598.3;-42.71;17.51;15.76;17.3;8.32;78.8;2;89.4;57.87;8.93;27.05;38.9;9.38;52.26;18.7;23977;47.47;2;57.65;24.32
09179;Fürstenfeld­bruck;504;219320;30.3;82.4;2107;38;140558;33.7;86.8;555.1;14.32;17.56;21.54;15.05;13.25;72.27;2.5;93.9;60.14;7.98;24.77;28;4.88;38.8;21.5;26482;69.69;1.7;35.62;37.87
09180;Garmisch-Partenkirchen;87;88467;29.9;79.7;863;57;1192002;44.7;72.1;581.8;42.16;15.22;25.06;13.21;11.46;57.08;2.7;92.8;83.94;9.7;35.12;18.1;11.87;62.74;50.5;26116;75.1;15.8;26.39;33.85
09181;Landsberg am Lech;149;120071;30.5;81.8;1246;55;121932;37.9;93.6;667.4;41.48;17.55;19.96;8.74;11.63;70.96;2.2;79.2;65.47;8.78;32.04;40.2;5.25;55.05;28.7;25997;65.8;4;55.8;30.2
09182;Miesbach;115;99726;30.4;80.4;1286;57;751918;43.8;88.4;650.9;44.72;16.47;22.61;12.42;11.75;67.14;2.2;87.9;74.61;8.68;28.08;51.3;10.13;57.26;53.5;29853;69.36;4.6;40.38;25.3
09183;Mühldorf a.Inn;143;115250;28.7;75.9;1074;57;89035;26.3;87.8;632;48.85;17.06;19.89;12.03;11.66;69.03;3;81.8;69.88;9.05;30.88;57.5;7.38;49.63;22.2;23918;124.56;3.1;31.2;20.64
09184;München;525;348871;31.1;83.9;5428;32;1316342;40.7;82.1;703.8;1.26;18.15;20.44;17.56;7.49;133.33;2.2;93.3;55.13;8.07;22.49;31;15.77;43.88;43.6;31338;77.33;3.9;64.58;46.47
09185;Neuburg-Schrobenhausen;131;96680;29.3;77.8;725;56;68572;43.8;89.4;662.3;23.89;17.68;19.02;10.33;11.68;77.33;1.9;75.4;61.35;8.24;24.27;51.6;6.31;51.41;22.7;23826;66.55;4.7;22.11;17.78
09186;Pfaffenhofen a.d.Ilm;167;127151;29.8;77.6;1204;34;155307;38.3;85.7;646;28.71;17.49;18.16;11.19;11.36;101.55;1.6;81.1;55.45;8.99;22.29;61;3.46;51.12;24.2;26363;60.52;2.6;38.33;18.7
09187;Rosenheim;181;260983;29.5;80.4;2797;49;799895;34.2;83.2;645;45.37;17.07;21.29;10.26;11.93;68.03;2.2;86.8;69.38;8.81;27.17;62.7;10.81;53.22;34.6;26006;118.64;10.3;42.19;24.19
09188;Starnberg;279;136092;30.5;84.4;1597;43;300718;48.2;86.6;633.2;5.29;17.99;22.91;14.3;10.08;89.55;2.4;88.2;75.25;8.68;25.29;43.1;11.17;48.64;36.1;39026;65.44;8.9;67.03;40.17
09189;Traunstein;115;177089;29.6;77.7;1687;34;762965;50.4;85.8;644.6;29.82;16.21;22.66;10.15;10.93;74.2;2.6;94.4;69.77;8.94;29.92;53.5;6.66;61.38;36.9;24860;84.58;5.3;39.33;23.83
09190;Weilheim-Schongau;140;135348;29.6;80.8;1364;74;178499;45.3;86.4;639.5;69.38;17.27;21.56;9.6;12.28;75.45;2.1;87.2;76.72;9.4;29.04;49.1;4.88;58.74;31.7;25330;75.6;3.2;34.82;25.24
09261;Landshut, Stadt;1100;72404;29.7;75.1;619;28;119580;23.7;79.3;510;61.74;15.47;20.44;18.86;10.15;71.77;4.2;98;70.23;8.01;29.55;64.6;8.84;70.71;17.7;25048;136.95;18;34.16;31.64
09262;Passau, Stadt;754;52469;29.2;73.7;617;65;331264;21.4;68.2;532.9;55.08;12.92;21.38;15.67;12.21;65.24;4.2;98;81.11;9.38;27.34;49.9;9.53;54.32;32.1;21539;159.71;14.1;33.21;37.21
09263;Straubing;707;47794;28.5;67.9;414;71;83373;36.4;81.8;565.5;-9.62;14.45;21.28;16.37;9.41;60.79;4.5;98;84.06;8.76;32.13;59.4;16.11;56.07;0.5;22363;137.23;9.5;21.77;36.14
09271;Deggendorf;139;119326;28.9;71.3;1040;73;172345;29.7;89.9;643.1;-14.5;15.87;20.33;9.1;10.21;67.17;2.6;78.1;64;10.17;28.34;51.1;4.69;55.9;28;22645;106.96;11.1;22.14;24.75
09272;Freyung-Grafenau;80;78355;28.5;72.3;597;98;320908;67.1;98.1;660.6;14.8;15.28;21.66;4.94;13.41;60.68;2.5;73.8;61.27;11.2;34.07;26.3;4.98;41.35;56.9;21251;95.86;5.2;14.27;26.49
09273;Kelheim;115;122258;28.6;76.1;1036;53;292810;35.8;93.1;644.5;15.46;17.57;18.57;12.4;12.06;71.13;2.3;85.4;66.88;9.54;20.71;57.8;3.27;54.64;38.6;23532;66.79;3.3;29.04;23.7
09274;Landshut;118;158698;29.4;79.1;1552;39;115116;33.7;97.7;668.3;45.24;17.68;18.61;9.85;12.96;82.61;2.5;76.4;60.42;8.74;23.83;31.9;4.47;51.61;22.2;24192;68.49;1.2;31.94;13.64
09275;Passau;126;192043;28.7;73.9;1582;72;843019;63.8;96;652.6;61.91;15.77;22.01;8.12;12.64;64.13;2.8;71;78.21;10.18;32.7;28.5;7.34;49.94;28.1;22319;101.73;3.5;24.29;19.26
09276;Regen;80;77656;28.1;73;624;101;508498;59.1;92.5;632.1;26.78;15.43;22.24;6.45;12.06;60.68;3.1;73;68.4;11.32;30.71;27.2;6.7;46.74;63.5;21380;105.31;4.1;31.25;21.01
09277;Rottal-Inn;94;120659;28.5;73.9;1139;77;200631;41.8;93.9;673;23.87;16.21;21.33;9.96;12.86;66.05;3;69.3;63.97;9.5;33.68;41.9;5.88;44.42;25.3;23422;108.58;5.3;25.85;23.11
09278;Straubing-Bogen;84;100649;29.4;78.4;830;73;196569;51.1;96.5;669.1;44.71;17.05;19.56;7.46;11.56;66.91;2.4;77.2;60.1;9.24;24.59;53.2;6.16;47.19;26.4;23635;67.11;3.9;21.34;24.71
09279;Dingolfing-Landau;110;96217;28.6;73;782;54;65927;41.5;97.5;700.1;20.06;16.45;19.02;12.08;8.84;100.56;2.9;78.5;64.7;8.72;21.17;44.5;6.03;51.76;20.7;24674;81.81;1.3;38.34;23.13
09361;Amberg;837;41970;28.1;70.7;340;48;43845;28.9;81.8;589.8;-38.12;14.99;23.44;10.89;9.23;66.21;4.2;98;87.58;7.72;31.36;13.1;6.91;56.47;20.2;22994;144.39;13.4;42.92;28.67
09362;Regensburg, Stadt;1887;152610;30.3;76.4;1473;67;626210;38;69.8;584.3;-30.99;14.37;17.12;16.77;9.98;85.26;3.4;100;72.24;7.7;29.23;70.6;10.22;63.36;5.1;22942;98.81;18.6;48.07;40.89
09363;Weiden i.d.OPf.;603;42520;28.3;70.5;362;76;42833;44.2;70.3;611.1;-18.58;14.83;23.2;11.81;12.4;56.54;5.2;99;77.57;8.49;35.56;28.9;47.04;64.91;30.6;21968;130.22;16.6;19.13;32.43
09371;Amberg-Sulzbach;82;103109;28.8;79.1;699;53;125848;49.8;94.6;670.3;17.36;15.87;21.03;6.05;11.55;69.74;2.3;85.4;63.21;9.2;27.1;27;2.42;40.64;46.9;22839;105.41;1.9;27.45;15.19
09372;Cham;84;127882;29.1;74;924;107;480059;49.3;91.2;678.9;32.61;15.84;21.21;5.95;11.22;62.28;2.5;59.5;66.75;9.08;26.18;49.6;5.63;44.89;42.8;22364;105.31;5.4;20.53;22.4
09373;Neumarkt i.d.OPf.;99;133561;29.4;80.6;1096;46;230342;55.6;90.2;652.2;22.84;16.94;19.03;8.72;11.53;76.81;1.7;86.4;61.07;8.59;24.46;57.3;8.91;47.92;37;24100;101.4;4;28.38;25.73
09374;Neustadt a.d.Waldnaab;66;94352;28.6;79.3;634;74;119539;53.9;96.4;678;-9.86;16;20.94;4.76;10.74;72.45;2.8;90;68.79;9.68;22.92;26.6;7;41.02;45.8;22820;101.6;2;18.83;22.35
09375;Regensburg;139;193572;29.8;80.2;1614;68;195118;42.2;94.5;641.6;30.22;17.2;19.3;8.62;13.07;71.22;1.9;89.1;64;8.99;23.75;44.9;2.58;46.91;33.4;23903;83.25;1.3;30.16;19.03
09376;Schwandorf;101;147189;28.7;76.1;1165;74;148366;39.1;94.4;667.9;34.31;15.99;20.53;8.18;10.63;69.5;2.8;73.1;69.63;9.02;25.31;33.2;20.52;46.4;43.4;22172;98.71;3.7;18.42;27.28
09377;Tirschenreuth;67;72504;28;79;517;94;119294;56.8;94.4;666;-0.83;15.24;22.69;4.4;10.37;71.57;3;88.7;59.12;9.21;26.03;13.4;11.03;39.45;46.5;22355;127.46;4;15.59;15.33
09461;Bamberg, Stadt;1421;77592;29.2;76;712;44;394333;54.7;78.6;520.1;-157.88;14.5;19.13;14.89;12.81;62.36;3.8;98;75.15;7.76;38.42;19.3;9.92;63.41;25.9;21878;114.02;13.2;50.76;55.52
09462;Bayreuth, Stadt;1116;74657;29.2;73.2;590;57;191823;61.1;71.9;524.9;54.11;12.82;21.43;12.11;10.45;71.91;4.2;98;81.08;8.26;34.49;28.5;11.12;59.07;17.7;21437;134.19;18.6;33.07;45
09463;Coburg, Stadt;854;41249;29.4;74;294;67;72069;55;88.9;602.9;7.76;14.11;23.47;11.14;6.52;88.59;4.9;98;53.35;7.2;36.29;10.9;21.09;49.7;20.8;25464;130.23;12.4;33.49;37.08
09464;Hof, Stadt;792;45930;27.2;70.7;320;86;88343;55.5;87.5;544.9;-30.26;15.67;23.95;17.38;10.37;56.16;5.6;99;91.4;6.79;37.66;25.7;29.83;47.25;12.6;20573;156.47;10;26.59;37.14
09471;Bamberg;126;147086;29.2;81.3;1144;46;217783;56.2;97.6;676.9;11.69;17.02;19.02;5.04;13.88;70.2;2.1;83.6;58.67;9.19;26.26;16.8;6.66;45.28;39.3;22630;77.57;2.1;25.53;-
09472;Bayreuth;81;103656;29;79.8;707;57;261223;68.3;97.4;679.2;11.48;15.85;22.39;3.8;12.43;64.35;2.6;85.4;62.62;9.11;25.51;22.6;3.76;51.61;45.5;22594;98.45;1.1;19.64;14.29
09473;Coburg;147;86906;28.5;78.6;557;70;80430;59;93.8;664.9;20.14;15.53;23.05;5.49;8.89;63.39;3.1;87.7;64.45;8.69;37.98;23.4;42.46;39.47;30.6;26839;88.05;1.1;25.35;16.63
09474;Forchheim;181;116099;29.5;81.7;869;35;159391;50.4;93.5;661.2;21.53;16.78;20.23;6.77;12.85;76.77;2.4;85;65.7;8.88;24.68;29.4;4.31;48.84;37.7;24301;76.07;2.7;36.54;29.13
09475;Hof;107;95311;28.4;78.4;596;87;127144;71.9;98.4;658.7;19.83;14.48;25.72;5.9;7.88;67.07;2.9;78.5;66.82;9.68;34.09;8;5.35;58.55;34.6;22324;131.14;6.4;16.36;19.38
09476;Kronach;103;67135;28.7;77.2;388;86;71000;49.9;94.6;669.1;-10.58;14.06;24.17;4.91;9.34;63.85;3.2;82.2;68.17;9.89;36.8;18.5;15.94;40.96;57.9;23410;118.86;4.2;17.26;27.56
09477;Kulmbach;109;71845;29.1;77.8;457;71;116368;46.2;97.1;680.2;9.88;14.57;24.07;4.95;10;66.88;3.3;92.5;73.6;9.09;34.72;19.3;7.79;48.3;35.9;23884;124.56;8;21.67;28.5
09478;Lichtenfels;129;66838;28.6;76.7;398;62;194301;51.5;96.2;657.5;18.25;15.29;22.57;5.82;9.28;62.63;3.4;89.4;59.9;9.03;32.91;14.7;14.51;46.38;36.8;22334;123.25;11.5;21.17;30.98
09479;Wunsiedel i.Fichtel­gebirge;121;73178;28.1;75.2;498;96;145363;48.7;97.7;636.6;10.11;14.5;26.36;8.63;8.56;62.92;4.3;93.1;62.6;8.84;32.7;7.4;44.41;45.23;45.2;22616;109;5.6;18.06;31.47
09561;Ansbach, Stadt;419;41847;27.7;71.5;373;52;40027;34.8;69.4;600.6;7.65;16.47;21.23;14.17;8.97;65.97;3.6;91;64.82;8.49;32.05;101.1;7.41;61.41;27.9;21757;123.64;29.4;38.77;39.95
09562;Erlangen;1455;111962;30.5;80.4;879;17;258203;22.2;80.5;490;-27.96;15.79;17.67;18.13;7.59;92.03;3.5;96;70.27;7.28;25.99;85.9;14.11;61.81;20.5;24832;79.64;19.8;39.77;45.91
09563;Fürth, Stadt;2017;127748;29.4;73.7;1294;16;151887;27.5;69.4;489.1;34.52;16.14;18.31;19.28;9.52;72.32;4.8;93;65.6;8.05;31.66;29.8;10.41;36.48;11.3;24420;76.74;6.7;32.77;29.18
09564;Nürnberg;2780;518365;29.5;74.2;4684;12;2001217;29.8;67.1;472.3;-11.63;15.92;20.07;22.73;8.22;76.84;5.2;96;69.68;7.42;29.7;22.6;10.36;51.59;15.4;22663;83.7;6.9;32.33;30.41
09565;Schwabach;1000;40792;29.2;76.7;390;29;51187;22.6;87.2;634.6;-31.87;16.95;21.81;12.5;9.35;66.36;3.2;98;76.02;8.24;25.51;15.9;17.41;53.44;27.5;26366;100.78;4.2;45.01;33.28
09571;Ansbach;93;183949;28.5;77.8;1519;61;728791;60.5;93.8;664.4;12.56;17.01;20.03;8.51;10.7;66.96;2.2;84.2;54.02;8.63;25.44;36;5.49;49.36;27.8;23514;87.53;0.8;24.96;21.64
09572;Erlangen-Höchstadt;241;136271;29.7;83;1029;24;179325;40.4;93.2;662.7;10.2;17.62;20.39;8.77;8.37;71.75;1.8;87.7;65.76;8.66;24.09;46.7;11.74;44.98;41.3;26217;60.3;1;42.02;36.03
09573;Fürth;382;117387;29.7;81.5;1087;28;118524;35.9;87.8;644;-172.08;16.36;22.81;7.24;11.81;74.56;2.5;87.6;64.55;8.8;24.67;38.3;12.44;31.52;24.9;25923;91.23;0;31.89;33.13
09574;Nürnberger Land;213;170365;29.6;82.2;1469;29;199712;45.7;88.8;638.3;31.93;16.37;22.26;8.97;10.98;70.43;2.3;90.2;64.21;9.7;25.44;31.7;8.16;45.37;50.4;25753;80.88;5.7;34.23;28.15
09575;Neustadt a.d.Aisch-Bad Windsheim;79;100364;28.6;78.1;826;53;193628;59.1;94.8;655;42.74;16.69;20.84;8.17;11.7;62.26;1.8;81.2;71.26;8.41;26.66;34.2;7.87;45.73;28.5;23455;97.95;4.8;37.32;24.73
09576;Roth;142;126958;29.5;81;1184;39;196099;45.8;97.2;669.2;51.2;16.76;20.78;7.28;10.98;66.05;2;83.3;61.86;8.94;22.62;27.9;10.55;58.68;44.2;24647;81.36;2.1;29.98;26.31
09577;Weißenburg-Gunzenhausen;97;94393;28.7;75.3;804;64;249428;72.1;90.6;646.3;9.96;16.73;21.76;9.28;11.54;64.37;2.9;90.8;66.87;9.06;24.58;30;2.33;44.39;33.4;23092;91.18;4.5;34.02;27.4
09661;Aschaffenburg, Stadt;1129;70527;29.2;73.5;741;31;100673;65.8;45.9;634.5;43.81;15.86;20.8;16.75;10.71;79.57;4.9;99;65.78;7.6;32.02;58.4;16.59;43.25;28.3;24925;89.23;13.5;27.64;38.52
09662;Schweinfurt, Stadt;1514;54032;28.2;69.3;479;74;123506;52.8;95.7;521.1;-51.82;16.19;23.46;19.38;7.19;85.21;6.1;92;65.5;8.12;35.05;5.2;8.33;59.78;14.3;20983;139.98;17.6;28.6;38.71
09663;Würzburg, Stadt;1460;127880;30;77.3;1003;67;614024;51;45.2;499.8;42.15;12.52;19.95;11.91;11.65;63.14;3.4;94;84.49;8.12;32.14;57;15.17;58.88;15.6;24441;119.32;18.8;41.56;41.99
09671;Aschaffenburg;249;174208;29.6;81.1;1561;39;279724;48.2;91.6;664.3;12;16.2;21.46;9.35;14.21;80.19;2.6;85.3;61.51;8.94;32.34;19.3;5.34;41.79;55.5;24601;64.38;0.2;30.32;21.85
09672;Bad Kissingen;91;103218;28.5;78.7;683;84;435481;65.8;93.7;671.1;28.58;15.33;24.41;5.64;12.58;61.84;3;85.6;71.66;9.85;36.45;24.4;5.62;50.86;46.7;23124;120.18;7.9;35.33;29.81
09673;Rhön-Grabfeld;78;79690;28.8;78.3;550;75;242601;74.6;94.6;671.2;2.76;16.41;22.13;5;10.34;72.57;2.5;85.2;70.18;9.81;31.77;24.5;7.28;49.94;36.3;23122;108.78;13.8;73.18;22.72
09674;Haßberge;88;84599;28.9;80.8;571;66;116856;78.1;95.9;676;14.3;16.41;20.74;4.66;14.15;64.89;2.6;85.2;65.12;8.42;31;18.7;6.5;42.44;39.6;22172;76.48;2.8;27.34;28.25
09675;Kitzingen;133;90909;29.4;79.1;686;57;405882;83;95.4;665.7;13.86;16.31;20.63;9.19;11.28;70.02;2.1;91.1;64.14;8.4;30.91;24;7.59;54.78;21.3;23695;93.78;2.7;32.29;37.32
09676;Miltenberg;180;128756;28.9;79.3;1030;55;158205;63.3;83.7;648.5;16.08;16.41;21.28;11.24;13.92;73.58;2.8;92.2;63.82;8.83;27.5;23.8;9.55;41.32;57.8;23331;94.18;2.2;19.05;25.82
09677;Main-Spessart;96;126365;29.2;80.9;921;67;243146;60.6;93.1;667;-9.89;15.47;22.87;7;12;72.93;1.8;84.9;67.97;10.12;29.03;21.4;5.46;37.67;53.7;23477;91.76;5.3;23.61;25.57
09678;Schweinfurt;137;115106;29;81.7;875;74;54736;70.7;93.4;672.3;-18.07;16.27;21.7;5.9;13.64;67.91;2.3;86.6;58.21;9.38;26.82;23.5;8.43;40.14;25.2;22971;80.45;5.1;37.15;-
09679;Würzburg;167;161834;29.8;83.8;1248;72;256840;49.2;95.7;647.5;4.45;16.65;21.26;6.31;13.95;80.76;1.9;83.7;65.08;9.16;26.81;30.7;5.31;37.38;21.4;24608;47.66;0.9;37.46;12.67
09761;Augsburg, Stadt;2010;295135;29.7;72.4;2756;56;478115;30.9;59.9;461.2;14.4;15.31;19.42;21.67;10.41;70.72;4.9;96;62.49;7.02;25.22;35.1;9.66;58.75;24.1;20008;85.67;10;26.95;31.64
09762;Kaufbeuren;1097;43893;28.2;71.8;422;71;49563;15.9;70.3;559.2;67.66;16.41;22.88;15.61;9.98;63.97;3.9;99;89.7;8.12;27.82;81.6;8.89;53.54;23.9;22837;120.98;14.1;26.68;27.3
09763;Kempten (Allgäu);1089;68907;29.1;72.1;683;76;187609;35.6;70;562.6;43.97;15.54;22.15;16.55;11.15;75.73;3.2;98;76.1;7.39;32.02;19;12.48;65.74;11.5;22087;88.54;8.8;34.05;26.71
09764;Memmingen;625;43837;28.5;73.4;357;59;111396;23.9;82.2;590.5;25.55;16.58;21.6;18.71;9.07;67.87;3.2;96;69.01;8.3;27.1;41.3;14.14;78.93;23.8;28711;100.07;12.5;25.57;24.44
09771;Aichach-Friedberg;171;133596;29.9;80.8;1287;53;124216;30.9;92.8;637.1;48.21;17.89;19.82;8.4;13.73;64.91;2.1;83.3;61.84;8.39;23.64;43.7;5.54;49.25;24.6;25516;53.24;2.1;28.89;17.07
09772;Augsburg;235;251534;29.3;79.1;2564;67;224591;39;89.9;645.7;41.31;17.56;20.5;9.68;11.87;69.89;2.4;88.8;64.84;8.1;23.87;57.4;4.85;44.84;32.4;25216;74.17;1.2;28.52;21.08
09773;Dillingen a.d.Donau;121;96021;29.1;75.6;703;80;90161;44;94;662.9;50.3;17.08;20.14;9.68;10.92;70.29;1.8;79.7;59.9;9.28;28.66;39.8;6.04;41.66;22.3;24652;91.85;3.3;21.25;28.92
09774;Günzburg;165;125747;29.2;74.4;1119;71;566168;44.1;92.4;655.4;30.22;17.15;19.38;13.23;10.05;78.38;1.9;84.2;61.03;8.75;24.06;45.3;7.87;47.08;28.1;24101;79.1;8.4;20.7;28.87
09775;Neu-Ulm;338;174200;29.8;76.6;1508;65;290778;37.9;86.3;620;38.75;17.02;20.2;14.78;11.14;75.1;2.2;86.9;64.33;7.63;21.66;42.6;6.08;59.7;28.5;24306;67.34;2.4;25.83;24.16
09776;Lindau (Bodensee);253;81669;29.9;78.2;692;39;567593;45;79.9;631.5;58.53;16.49;22.6;13.24;10.74;67.96;2.3;81;75.17;8.76;31.83;41;5.27;55.1;27.1;26660;115.1;7.5;36.51;33.6
09777;Ostallgäu;101;140316;29.7;79.7;1132;82;1187008;43;93.6;639.3;38.06;17.55;21.11;8.73;11.24;71.14;2.2;83;61.75;9.21;26.84;45.8;4.42;53.02;29.7;24476;69;3.8;33.57;18.22
09778;Unterallgäu;117;144041;29.5;78;1234;70;310896;46.4;90.1;670.1;63.32;17.13;21.01;9.31;11.92;75.27;1.8;77.8;61.03;9.63;25.31;53.7;7.71;49.43;24.7;26751;88.6;3;24.68;22.34
09779;Donau-Ries;105;133496;29.2;78.6;955;86;178388;56.8;93.2;673.1;-73.56;17.15;19.84;9.73;10.33;82.35;1.6;77.8;61.63;9.71;24.98;40.1;8.69;47.42;25.7;25271;72.16;4;28;22.16
09780;Oberallgäu;102;155362;29.6;80.1;1016;72;1559808;45.8;87.9;637.9;34.89;16.31;22.66;8.7;12.37;65.08;2.2;85.7;70.52;9.21;29.37;34.8;6.37;59.35;35.2;24632;71.1;3;34.42;19.78
10041;Regional­verband Saarbrücken;802;329708;28.7;74.2;2452;16;353760;25.9;87;577.2;-15.83;14.8;22.95;14.54;12.29;68.9;8.8;94.7;66.64;7.81;31.75;11.9;5.97;56.66;40.8;19609;108.77;7.8;20.04;38.22
10042;Merzig-Wadern;186;103366;29.7;78.1;621;42;187756;47.5;80.2;679.3;-24.48;15.22;22.67;11.46;13.95;63.49;4.2;84.3;59.81;7.37;29.53;25.7;6.48;53.21;38;19194;121.94;4.6;14.14;35.43
10043;Neunkirchen;529;132206;28.5;74.9;813;26;53934;25.2;94.6;646.6;-31.24;14.41;24.38;9.5;14.35;63.52;6.7;94;55.52;7.71;31.73;11.3;4.54;51.13;29;20126;128.36;5.2;14.62;26.58
10044;Saarlouis;425;195201;29.1;77.2;1394;33;101990;30.1;87.7;676.1;-24.49;14.95;23.94;10.11;13.23;67.25;4.8;92.5;65.37;7.52;27.67;17.2;3.74;50.05;24.5;21035;88.6;5;15.05;33.71
10045;Saarpfalz-Kreis;341;142631;29.6;78.5;1061;13;110697;31.7;88.5;680.7;-16.55;14.49;24.99;9.1;11.13;67.09;4.8;96.8;64.85;6.75;25.22;16.9;4.91;59.87;32.5;22721;88.84;10.4;21.11;36.69
10046;St. Wendel;184;87397;28.9;81.5;590;42;265728;71.1;93.3;699;-1.03;13.96;24.63;5.35;14.96;66.52;3.3;87.2;72.84;7.57;32.8;12.9;1.95;53.89;32.8;21426;126.78;2.8;13.8;38.66
11000;Berlin;4090;3644826;30.5;75.6;41756;15;13502552;33.2;67.6;332.2;-23.15;16.38;19.19;18.53;7.38;71.43;7.8;96;63.93;6.84;48.72;39.3;8.79;46.39;17.7;20330;62.3;5.7;40;46.25
12051;Brandenburg an der Havel;314;72124;28.6;65.7;421;56;97694;105.2;99.3;474.8;78.06;14.07;27.54;5.26;6.8;55.02;8.1;76;66.77;11.74;64.58;21.1;5.13;44.92;27.8;18224;82.07;12.6;15.37;36.24
12052;Cottbus;605;100219;28.8;72.7;552;66;146108;86.6;81.3;484.2;-71.14;14.45;25.39;8.46;9.77;56.29;7.6;96;74.23;11.78;62.62;41.4;2.49;38.42;20.8;20236;93.83;11.8;12.3;46.75
12053;Frankfurt (Oder);391;57873;28.6;69.2;320;49;59536;130.5;90;485.9;-23.5;14.35;25.79;10.41;7.56;55.36;7.9;85;80.7;11.38;63.32;12.8;5.53;37.5;24.8;18021;128.27;16.3;12.44;45.39
12054;Potsdam;946;178089;30.4;78.8;1408;28;550173;56.7;76.8;421;120.95;17.62;19.69;8.39;7.97;63.82;5.4;97;63.17;11.42;56.67;107.4;8.65;49.81;24.7;20226;61.64;9.1;33.8;59.13
12060;Barnim;124;182760;29.5;74.3;1288;53;261933;59.7;94.9;568.6;131.92;16.1;23.63;4.15;8.36;58.9;5.1;81.9;58.61;11.89;61.08;62.3;3.34;60.46;43.1;20474;96.48;6.5;19.05;39.85
12061;Dahme-Spreewald;74;169067;29.4;76.3;1494;38;840874;96.9;95.9;602.2;129.95;15.86;24.05;4.62;6.79;72.49;3.7;82;60.36;11.32;55.87;57.1;6.21;58.73;45.1;20889;65.2;6.1;20.08;41.97
12062;Elbe-Elster;54;102638;28.7;74.5;431;61;58645;129.9;98.1;618.6;46.67;14.04;27.96;2.97;7.47;57.75;6;75.4;70.56;12.24;65.41;14.7;4.19;36.73;35.9;18921;66.7;4.5;14.1;31.81
12063;Havelland;94;161909;29.5;73.8;1128;60;121081;73.9;97.2;569.5;101.54;16.56;22.4;4.41;8.6;56.34;5.2;81.8;59.73;11.77;53.17;41;2.35;46.63;25.1;20292;61.23;3;19.92;46.36
12064;Märkisch-Oderland;90;194328;29.1;73.9;1439;60;200149;194;95.5;592.6;112.8;15.84;23.87;3.15;8.26;58.46;5.4;76.9;60.13;12.17;60.7;39.2;2.88;46.36;23.1;20360;79.57;3.5;13.86;33.18
12065;Oberhavel;117;211249;29.6;74.9;1566;43;227295;60.1;96.7;570.2;92.17;16.46;22.85;3.93;8.62;71.53;4.9;84;61.94;11.78;56.4;37.6;2.84;49.14;40.1;21296;69.65;5.4;20.56;40.32
12066;Oberspreewald-Lausitz;90;110476;29;71.9;486;41;272848;136.1;97.2;593.4;6.16;13.87;28.63;3.52;7.79;60.92;7.5;82.7;62.99;11.74;61.03;11.5;3.08;43.36;37.7;19507;98.81;4.6;6.85;29.37
12067;Oder-Spree;79;178658;29.1;72.7;1131;45;437844;160.2;93.6;594.2;-80.32;15.16;26.41;4.19;7.5;63.11;6.1;81.5;61.68;12.24;61.52;35.9;3.97;44.89;47.6;20266;79.84;7.7;13.1;36.94
12068;Ostprignitz-Ruppin;39;99078;28.4;68.1;569;60;332376;114.6;97.7;582.8;32.9;14.76;25.37;3.59;7.4;54.85;6.2;80.1;67.43;11;63.71;15.6;2.22;57.23;32.3;18888;92.38;11.5;13.05;34.4
12069;Potsdam-Mittelmark;83;214664;30.5;77.8;1641;50;448660;75.2;91.1;588.4;93.91;17.2;22.4;4.2;11.29;60.09;4;81.7;60.5;11.69;53.23;49.7;4.66;53.99;40.4;22715;62.19;3.3;26.51;51.22
12070;Prignitz;36;76508;28.6;69.5;406;90;126828;92;96.8;590.4;-5.75;13.67;28.09;4.13;6.99;59.79;7.3;82.5;66.01;11.11;59.93;9.1;2.74;46.79;22.5;19258;110.27;4.7;9.44;30.67
12071;Spree-Neiße;69;114429;29.6;75;687;74;273165;94.8;97;616.4;-20.1;14.02;27.8;3.33;7.8;81.56;6.3;67;57.16;12.46;63.81;16.1;1.75;41.51;44.6;20157;84.1;4.3;13.59;39.23
12072;Teltow-Fläming;80;168296;29.2;73.5;1873;42;260118;140.9;97.5;601.4;107.31;16.33;22.47;5.25;6.72;80.06;4.3;87.6;58.72;11.76;55.22;43.9;5.7;50.68;37.7;20012;80.95;3;18.19;35.63
12073;Uckermark;39;119552;27.9;69.4;606;71;339803;175.6;91.9;569.1;13.97;14.46;27.56;4.22;8.27;70.72;10.8;80.3;61.49;11.58;67.67;23.1;1.67;46.01;23.7;18436;83.01;6.1;13.31;31.59
13003;Rostock;1152;208886;29.1;72.2;1394;70;818282;88.4;63.4;404.3;17.33;14.09;23.85;6.21;8.32;66.74;6.8;97;67.18;10.21;59.93;32;5.79;32.46;25.6;18420;79.36;7.3;16.41;47.01
13004;Schwerin;734;95818;28.6;72.5;604;51;209079;95.5;84.7;455.7;-47.17;15.78;25.55;9.33;7.71;56.3;8.6;97;74.12;11.04;59.33;27.7;7.31;39.97;17.2;19155;115.45;14.8;15.62;44.34
13071;Mecklen­burgische Seenplatte;47;259130;28.4;69.2;1326;102;1050403;248.8;89.4;553;4.82;15.05;25.72;3.18;7.64;57.51;8.7;69.9;72.53;11.26;62.35;20.6;2.59;43.03;24.1;18961;102.62;6.3;8.95;36.82
13072;Landkreis Rostock;63;215113;29.1;72.8;1541;78;1151835;286.3;93;576.4;59.74;16.31;23.78;3.14;8.62;57.9;5.3;56.8;61.5;11.51;55.53;37.5;3.16;45.79;15.6;20262;97.14;3.7;13.37;35
13073;Vorpommern-Rügen;70;224684;28.7;69.5;1587;119;2229504;246.5;90.8;539.8;44.95;14.6;26;4.17;8.14;53.25;8.1;72;71.07;11.19;59.29;35;4.72;45.66;17.6;19225;91.19;5;12.54;31.3
13074;Nordwest­mecklen­burg;74;156729;28.8;70.4;913;34;643147;283.4;98.2;567.7;31.97;15.81;23.51;3.42;9.53;58.41;5.8;60.1;69.43;11.26;54.41;28.6;3.89;47.47;12.5;19343;96.82;3.8;13.42;35.14
13075;Vorpommern-Greifswald;60;236697;28.6;69.8;1244;94;1392886;203.4;86.1;525.9;38.32;14.77;25.06;4.36;8.25;54.22;8.6;70.9;73.82;12.14;59.34;33.8;3.34;47.36;22.2;18207;101.62;9.4;9.36;33.25
13076;Ludwigslust-Parchim;45;212618;28.6;71.8;1138;75;379063;304.1;97.3;596.2;-38.94;15.45;23.7;5.03;9.3;58.92;5.3;63.1;61.64;11.79;57.89;16.6;3.29;45.2;27.2;20105;97.03;4.5;8.22;32.11
14511;Chemnitz;1118;247237;28.8;75.1;1777;52;267116;80.7;85.5;506.9;-66.9;15.01;27.76;8.3;7.95;58.11;6.5;88;61.98;12.29;58.14;15.2;5.14;47.69;14.7;19999;107.39;9.5;18.89;33.89
14521;Erzgebirgs­kreis;185;337696;28.7;75.6;1657;76;611082;54.9;94.9;598.5;0.56;15.29;29.41;1.96;8.25;51.83;4.4;67.4;60.23;13.32;52.24;14.8;15.22;40.3;44.6;20053;118.87;6;8.25;25.34
14522;Mittel­sachsen;145;306185;28.8;75;1531;45;292258;55;96.6;585;-8.26;15.12;28.03;3.37;7.68;58.18;4.8;58.8;61.01;13.02;60.32;12;10.97;44.29;15.7;20251;114.16;4.3;9.96;30.83
14523;Vogtland­kreis;161;227796;28.8;73.9;1283;93;348893;58.2;98;600.2;-4.21;14.31;29.97;3.57;7.7;53.85;4.8;66.9;61.85;12.29;56.36;12.7;30.69;43.99;39;20110;114.51;7.5;10.34;31.53
14524;Zwickau;334;317531;28.5;73.2;1582;67;249467;46.6;95.5;582.6;-8.53;14.68;29.19;3.34;7.82;62.93;4.5;77.7;61.88;12.42;56.66;10.3;5.26;44.06;16.6;20762;109.19;6.3;14.37;35.82
14612;Dresden;1689;554649;30;79.1;4105;13;2247007;30.6;71.2;408;-10.13;16.79;21.85;7.57;7.42;64.93;5.6;95;64.96;11.63;56.86;37.9;8.02;50.79;21.8;19514;80.55;7;27.54;42.05
14625;Bautzen;126;300880;29.1;75.7;1312;37;276778;65.9;96.7;597.3;8.44;15.97;27.36;2.08;7.65;54.16;5;68.3;67.08;12.83;56.6;12.1;4.82;49.36;34.5;20175;109.84;5.6;11.44;32.88
14626;Görlitz;121;254894;28.3;73.3;2641;64;440782;144.1;96.4;560.7;8.47;14.93;29.54;4.48;7.8;57.91;7.8;69.4;63.92;12.74;61.54;6.2;10.16;45.47;34.9;18953;124.29;7.1;9.69;28.92
14627;Meißen;166;242165;29.3;76;1380;27;346604;65.1;95.4;564.5;27.01;16.03;27.42;3.08;7.1;59.72;5.3;74.9;65.47;12.52;57.65;16.1;17.51;46.7;12.9;20970;91.25;4.9;13.43;30.82
14628;Sächsische Schweiz-Osterzgebirge;148;245611;29.3;77.2;1523;36;751778;49.3;95.5;575.9;55.82;16.55;27.44;2.72;7.56;55.19;4.5;73.6;61.53;12.86;59.9;18.1;5.25;45.44;35.5;20575;109.41;5.2;13.38;26.43
14713;Leipzig, Stadt;1974;587857;29.9;75.1;5379;19;1836797;58.3;81.8;386.7;59.98;15.96;20.45;9.29;7.59;61.63;6.3;96;64.44;12.38;59.05;32.7;6.04;42.58;6.5;18379;78.47;6.9;32.29;40.33
14729;Leipzig;156;257763;29.4;74.8;1501;37;238426;133.6;97.2;589;55.13;15.88;26.42;2.38;7.89;65.05;5;68.7;68.99;12.65;61.1;18.7;7.14;40.54;13.6;21339;92.36;4.4;16.35;32.13
14730;Nordsachsen;97;197673;28.7;72.1;1065;43;271825;83.4;95.3;579.1;-7.99;15.51;25.62;3.97;7.01;57.92;6.2;64.4;65.22;12.76;61.57;19.8;3.39;45.23;20.2;20021;109.71;7.2;8.75;29.5
15001;Dessau-Roßlau;332;81237;28.1;69.7;348;37;122642;199.1;93.3;518.6;-31.02;13.36;31.39;5.57;5.84;59.18;7.7;81;60.89;11.48;62.6;8.6;4.19;40.01;33.9;19953;115.7;11.6;16.15;36.79
15002;Halle (Saale);1772;239257;28.4;70.7;1305;21;254159;75.5;85.5;392.5;17.97;15.71;24.14;9.48;8.52;55.81;8.2;80;66.48;11.04;58.55;13.5;5.6;41.38;9.1;17883;82.2;12.4;10.29;37.8
15003;Magdeburg;1187;238697;29;69.4;1435;71;405777;99.5;94.5;465.3;20.99;15.07;24.25;9.35;7.38;58.22;8.3;88;64.58;11.15;59.09;14.3;5.03;50.65;4.3;18842;93.3;9.9;23.78;38.7
15081;Altmarkkreis Salzwedel;37;83765;28;67.7;431;112;98342;384.6;100;603.1;-27.34;15.51;24.16;3.67;9.53;55.22;6.4;67;53.28;11.45;54.92;10.4;1.91;50.86;28.7;20251;105.5;4.9;11.21;24.35
15082;Anhalt-Bitterfeld;110;159854;28.3;67.1;847;43;120324;305.6;91.5;578.7;-24.46;13.75;27.76;3.71;6.74;65.18;7.1;55.9;66.97;11.64;62.03;15.1;2.82;52.36;18.7;19599;94.44;4.9;8.94;28.64
15083;Börde;73;171734;29.1;67.9;854;80;173334;254;95.4;611.8;-2.04;15.5;23.66;3.27;6.97;68.02;5.1;60;63.14;11.25;55.63;27;2.45;47.22;18.4;20847;94.6;3.4;11.8;32.44
15084;Burgenland­kreis;127;180190;28.2;68;819;43;260715;252.1;96.8;565;-28.3;14.06;27.87;5.22;7.64;60.98;6.5;57;67.04;11.06;61.53;11.2;2.77;49.28;10.8;19438;109.91;6.1;10.28;30.15
15085;Harz;102;214446;28.7;66.8;1024;82;1003185;201.5;93.3;571.6;-80.11;13.96;28.1;3.02;7.95;55.36;5.3;70.8;58.72;10.88;60.73;18;4.1;36.7;35;19855;136.99;6.9;8.29;31.01
15086;Jerichower Land;57;89928;28.6;68.7;491;85;80721;316.6;98.7;603.9;20.46;14.89;25.76;3.48;7.68;62.83;6.9;50.2;54.16;10.63;53.84;17.3;5.12;44.7;30.2;20587;126.57;8.2;10.07;25.11
15087;Mansfeld-Südharz;94;136249;27.4;66.7;632;52;167668;293.3;98.1;585.7;-22.75;13.54;29.44;2.88;7.88;54.98;9.4;58.3;62.31;11.77;65.99;9.2;1.69;40.88;25.7;19033;118.18;5.6;8.9;23.05
15088;Saalekreis;129;184582;28.6;70;945;34;223790;240.1;99.2;614.7;17.72;15.22;25.59;3.65;7.38;75.43;6.3;69.3;56.61;12.06;59.69;14.2;4.12;46.81;5.9;20626;62.32;3.4;10.58;29.74
15089;Salzlandkreis;134;190560;27.8;64.4;805;57;138316;227.1;94.7;551.6;-5.98;14.04;27.88;3.18;7.38;62.33;8.3;61.2;67.45;11.21;62.54;8.2;2.78;35.37;3.9;19190;122.65;6.8;5.69;25.25
15090;Stendal;46;111982;27.6;66.7;455;118;142354;356.8;93.6;566.1;-23.93;14.82;25.47;3.57;7.56;61.92;8.7;78.3;68.91;11.25;61.27;13.5;2.05;36.35;20.7;18991;99.31;8.8;8.63;33.13
15091;Wittenberg;65;125840;28;69.8;533;62;241359;352.9;99.1;597.6;-0.16;13.89;28.53;3.39;7.58;61.3;6.2;60;64.66;11.08;63.26;9.5;7.95;48;37.4;20170;83.51;4.5;9.02;27.49
16051;Erfurt;792;213699;28.9;75.6;1553;11;504212;59.6;80.3;453.4;21.43;15.81;22.19;8.14;7.61;58.76;5.7;93;72.77;7.47;58.39;20.3;6.36;39.49;7.9;19265;86.39;8;26.72;40.43
16052;Gera;619;94152;27.5;72.2;478;59;104524;85.5;100;486;-26.13;14.36;28.97;6.56;6.15;55.46;8.1;94;70.63;7.41;65.47;3.9;4.25;37.28;18;19676;98.15;10.3;10.26;31.54
16053;Jena;971;111407;29.4;78.9;606;42;198505;71.1;75;404;-48.29;15.63;21.27;9.64;8.99;65;5.2;97;63.91;7.14;52.41;33.8;6.73;37.52;35.4;18650;77.05;12.7;22.57;55
16054;Suhl;338;34835;28.4;71.7;194;39;91087;44.1;92.3;586.3;-938.71;12.33;32.24;7.62;10.44;52.36;5;88;79.62;7.32;61.95;4.3;4.02;31.58;65.5;21405;116.59;14.4;7.37;23.29
16055;Weimar;770;65090;29.9;75.8;461;28;394516;107.9;78.8;446.7;62.38;16.34;22.96;9.04;8.42;57.15;5.6;98;74.5;7.87;59.42;23;8.76;36.26;19.7;19095;113.93;9.2;501.7;46.28
16056;Eisenach;407;42370;27.9;73.1;260;42;201388;81.7;90;511.8;-19.12;15.31;25.88;8.2;6.67;60.06;6.4;96;81.95;7.69;57.78;7.3;11.56;47.91;37.1;19570;122.92;9.3;16.38;36
16061;Eichsfeld;106;100380;29.3;76.8;498;84;116130;92.1;96.9;596.7;-15.54;17.12;23.67;3.49;8.06;57.4;3.9;80.8;65.58;8.66;43.82;20.6;5.68;42.54;30.8;19993;95.58;4.2;10.48;34.93
16062;Nordhausen;117;83822;27.8;70;379;72;79623;114.8;96;562.2;-21.35;15.08;26.35;4.22;7.36;57.15;7;85.7;66.12;8.03;59.13;10.4;2.51;45.81;30.1;18643;146.05;11.6;15.05;27.63
16063;Wartburgkreis;94;123025;28.7;74.8;531;58;135088;111.4;97.6;597.8;-1.46;15.24;25.4;3.01;8.18;63.74;3.9;76.6;66.26;9.03;53.33;17.5;2.03;41.62;38.4;20872;84.52;4.3;12.31;25.13
16064;Unstrut-Hainich-Kreis;105;102912;28;71.7;511;49;119606;94.5;99.3;550.2;2.23;16.15;25.07;3.65;7.48;56.1;6.8;93;69.56;8.12;54.85;16;1.94;34.98;19.1;18980;116.13;12.4;12.15;30.65
16065;Kyffhäuserkreis;72;75009;28.2;71.7;286;47;106940;183.1;95.1;591.7;-15.6;14.48;27.28;2.7;7.82;58.09;7.9;63.7;68.59;8.37;61.29;7.3;2.4;46.66;23.7;18539;106.7;6.1;7.43;28.57
16066;Schmalkalden-Meiningen;101;122347;28.8;73.2;674;56;266952;68.2;98.4;621.6;4.82;14.34;26.43;3.68;8.59;56.7;4;81.9;64.25;8.01;57.14;12.8;4.74;40.21;48.5;20639;99.96;5.8;13.4;27.21
16067;Gotha;145;135452;28.4;73.5;624;24;334024;86.9;94.4;559.1;4.58;15.45;25.08;6.2;6.92;59.26;5.1;87.9;62.72;7.96;56.91;13.3;5.91;45.33;29.1;19524;78.51;3.7;25.62;32.61
16068;Sömmerda;86;69655;28.4;73.2;321;26;28815;128.8;96.2;577;9.91;15.77;24.55;2.66;6.72;58.92;5.5;73.6;59.98;8.18;57.22;14.2;3.01;40.2;7.9;19526;66.83;0;10.65;28.42
16069;Hildburghausen;68;63553;28.1;73.6;299;63;94846;105.1;96.9;618;-26.91;14.68;24.9;3.28;7.04;61.88;3.4;76.1;64.14;8.31;58.63;12;3.15;36.66;46.3;20506;122.49;7.9;7.63;21.24
16070;Ilm-Kreis;129;108742;28.4;76.1;608;26;156608;97.7;95.5;537.7;-6.53;14.85;25.79;5.84;7.83;64.13;4.9;76.9;59.73;7.68;55.16;15.3;4.69;39.82;43.8;19527;83.34;5.2;29.08;32.97
16071;Weimarer Land;102;81947;28.4;76.4;469;34;167374;108;96.2;586.3;6.59;16.69;23.93;3.67;7.73;63.16;4;85.9;63.31;7.86;59.82;21.6;4.27;50.76;16.7;19778;81.58;12.8;15.3;24.44
16072;Sonneberg;130;56196;28.8;70.8;271;69;58099;88.7;100;618.8;0.71;13.65;27.75;5.1;6.82;60.72;3.8;82;74.52;7.85;53.27;6.8;21.53;43.78;61.5;20792;95.28;6.8;12.01;29.27
16073;Saalfeld-Rudolstadt;103;106356;28.3;73.4;519;52;160280;102.9;97.1;566.1;-16.45;13.88;29.03;2.78;7.45;60.06;5.3;68.7;67.06;8.37;63.85;7.9;7.15;40.52;54.4;20217;104.03;9.2;9.61;30.23
16074;Saale-Holzland-Kreis;102;83051;29.3;76.9;384;47;99598;135.4;92.7;593.9;20.95;15.39;25.85;3.18;7.23;55.53;4.1;85.6;57.84;7.61;56.83;19.5;10.36;46;37.5;19933;74.23;7.8;11.93;30.16
16075;Saale-Orla-Kreis;70;80868;28.1;75.2;464;72;100450;121.8;97.8;622.1;-12.86;14.87;26.68;3.38;6.8;59.19;4.6;78.1;68.71;8.18;61.83;6.6;6.18;64.92;40.8;19911;77.67;1.5;9.51;30.8
16076;Greiz;116;98159;29.2;76;511;69;65812;250.6;98.5;615.2;-11.82;14.09;29.18;2.3;7.78;58.79;4.6;84.3;62.45;7.82;60.92;9.1;4.18;36.88;26.1;20469;102.74;4.1;7.79;30
16077;Altenburger Land;158;90118;28.8;72.1;380;64;43698;174.3;96.7;569.6;6.88;13.8;30.34;3.48;8.64;56.64;7.1;71.2;66.19;7.55;62.03;8;2.11;37.28;11.2;19758;101.93;6.8;10.89;32.77
